Age,Balance,Products,Active,Tenure,CreditScore,EstimatedSalary,Churn
43,228029.87,3,0,7.0,750,120919.33,0
30,250000.0,1,1,5.6,648,60955.15,0
48,83989.47,1,0,6.8,583,81318.41,1
49,14308.77,2,0,5.0,651,85781.7,1
20,83658.86,1,1,5.6,760,57080.84,1
27,250000.0,2,1,4.4,618,30021.51,1
41,74159.82,4,1,7.5,505,56705.94,0
37,196156.04,2,1,5.8,621,101211.12,0
40,62177.71,2,0,4.6,628,112008.44,0
31,133828.6,1,1,4.5,504,112423.5,0
49,67691.38,1,1,4.7,669,118405.75,0
48,35371.1,2,0,5.1,690,67892.93,0
41,135927.78,2,1,4.9,799,61653.84,1
51,90386.36,3,1,3.6,543,106546.95,1
45,66934.23,1,0,6.9,708,81820.03,1
31,30687.61,1,0,7.1,727,135367.74,1
44,124573.98,1,0,9.5,692,106850.19,1
30,151912.87,2,1,3.5,569,160377.26,0
49,131909.01,2,0,6.7,565,72989.7,0
40,143765.18,3,0,0.2,658,145503.49,0
38,95628.8,1,0,7.1,657,224845.57,1
33,97350.86,2,1,1.4,605,92203.11,0
52,93979.58,1,1,2.5,753,112673.89,0
38,69941.57,1,0,5.8,618,59208.9,1
36,77079.26,1,0,3.4,499,134576.81,1
36,147180.2,2,1,3.1,632,149588.15,0
45,250000.0,1,1,3.8,688,72046.07,0
44,47249.57,1,0,6.8,677,117164.8,1
44,97077.48,2,1,2.7,677,102107.11,0
44,38684.8,2,1,4.9,770,107303.69,0
61,70978.4,1,1,4.1,561,129699.28,0
36,80718.19,1,1,7.0,616,113671.7,1
35,118377.82,2,0,7.1,774,84543.41,1
32,116019.78,2,1,0.4,493,130947.05,1
46,102977.54,2,1,7.6,646,148434.67,1
51,138969.64,1,0,3.5,748,70135.02,1
39,51345.44,2,0,5.6,747,89927.16,0
32,119082.58,3,1,2.7,703,40605.27,0
32,172152.39,1,1,5.9,705,117029.82,1
47,50786.16,1,0,10.0,567,156055.64,0
47,19933.92,4,1,5.3,760,80160.17,1
45,203273.1,1,1,3.9,554,95569.71,1
33,39853.75,2,1,4.4,559,81509.66,1
42,68201.21,2,1,1.3,681,75721.06,0
41,168846.38,1,0,8.6,611,99911.7,1
42,48554.74,2,1,5.8,667,63237.69,0
49,194099.42,1,1,2.4,684,80958.37,0
42,60361.45,2,1,2.5,792,59905.11,0
47,54296.75,3,1,5.0,685,117318.7,0
41,38863.66,3,1,7.3,601,100229.93,0
43,60814.83,1,0,2.1,704,74124.98,1
46,153819.76,2,1,7.8,583,91514.29,1
25,68211.16,3,1,4.8,723,81490.24,0
37,203820.38,2,1,2.7,655,150590.24,0
35,106059.18,2,0,3.8,682,73799.66,0
34,112892.45,1,1,9.4,508,119770.8,1
37,52892.17,2,0,1.5,470,65527.27,1
55,223766.26,1,0,3.2,530,129828.84,1
31,173090.67,1,1,7.4,790,143537.62,0
50,169841.69,3,0,5.5,558,146619.02,1
23,91577.33,3,1,3.0,709,174472.52,0
37,34515.75,4,0,7.4,599,102658.7,1
42,117247.4,1,0,7.5,631,157100.49,0
46,149414.39,1,1,5.8,646,186921.86,0
47,150430.43,2,0,3.5,782,54319.65,1
48,136923.51,1,1,3.9,697,68604.11,0
37,133029.15,3,1,5.7,681,45912.82,0
35,60118.14,2,0,1.7,754,145085.69,0
49,62574.39,1,0,8.3,599,45648.47,1
38,39212.37,1,1,9.3,735,40402.05,0
27,205372.21,1,0,4.4,722,54925.79,0
29,250000.0,3,0,5.9,721,41164.21,0
31,250000.0,2,1,8.0,638,101725.78,1
45,123061.71,1,0,9.9,615,55244.32,1
41,133263.25,1,0,8.9,580,42063.58,1
47,94342.2,1,0,0.7,585,88320.01,1
36,121706.29,1,0,4.2,577,90695.71,1
42,48389.24,3,1,6.3,679,38799.5,0
46,92921.02,2,1,3.8,632,65277.29,0
37,54674.45,1,1,9.5,685,87027.33,0
45,84113.29,2,1,9.1,689,76649.2,0
33,58629.53,1,1,3.0,565,77598.04,0
36,149467.98,1,0,4.6,563,153007.79,1
36,162365.37,2,1,3.1,632,236454.27,0
28,130432.48,1,0,4.5,588,78165.26,1
45,62788.52,1,1,4.4,580,49648.24,0
35,36755.28,2,1,7.4,786,80983.65,0
40,163592.17,3,0,2.8,527,98223.11,0
45,105649.24,1,0,0.0,812,87867.88,1
44,19042.12,2,1,1.0,673,118465.37,1
47,116559.64,1,0,2.4,729,243512.64,1
39,133952.74,2,1,3.4,719,41633.51,0
36,26227.48,1,1,5.5,699,71637.87,1
39,151236.52,2,1,2.3,783,180066.12,0
23,30363.61,1,0,2.0,563,71157.03,1
26,57345.2,3,1,2.7,637,128391.19,0
27,30560.55,3,0,2.2,582,119547.64,0
30,52465.4,1,1,3.6,514,157025.09,1
44,37051.38,2,1,3.5,597,212897.87,1
31,204522.5,1,0,6.7,800,104552.82,1
36,87921.69,2,1,2.5,636,41025.19,1
53,74334.47,1,1,4.1,809,65668.97,1
36,217263.33,1,1,3.6,817,240695.7,1
47,210037.07,2,1,7.0,850,47627.99,1
31,78998.7,1,1,4.6,802,112547.19,0
38,128678.3,2,1,7.6,839,29028.57,0
30,66728.31,2,1,2.1,676,48996.92,1
37,98113.14,1,1,4.9,668,134146.36,1
48,43292.04,1,1,3.6,674,91468.27,1
23,141846.63,2,1,1.9,650,75975.49,0
44,222855.52,2,1,4.8,662,62386.53,0
42,197848.6,1,0,9.3,710,36648.24,1
34,109216.39,1,0,2.9,613,122957.94,1
26,17088.68,2,1,4.7,540,79233.04,1
41,64298.24,2,1,1.7,679,45375.41,0
35,98023.42,2,1,1.4,595,91231.0,0
42,32756.6,1,1,3.0,603,116906.13,0
40,27621.44,2,1,3.9,639,82228.87,1
56,250000.0,2,0,4.0,620,94822.47,1
38,182874.14,1,0,4.4,739,91557.46,1
30,149383.7,1,1,0.9,637,65480.47,0
42,169051.23,1,0,3.4,743,92224.56,1
42,38167.04,2,1,6.3,666,125293.29,0
54,50997.17,1,0,1.6,643,143365.79,1
48,123320.75,2,0,4.1,663,128462.61,0
44,130125.65,2,1,5.7,547,66421.15,0
55,30970.52,1,1,3.0,677,119833.74,1
28,117273.78,2,1,5.9,718,110971.07,0
34,99341.79,2,0,1.2,729,65394.67,1
31,193722.8,1,1,7.2,542,73029.9,0
36,130570.31,2,0,5.9,528,122201.53,0
26,250000.0,2,1,5.1,607,167238.07,0
46,79340.87,1,1,7.8,761,39827.49,0
38,40522.07,2,1,4.2,668,188262.49,1
25,250000.0,2,1,3.5,588,151969.76,0
30,135313.91,1,1,8.4,534,98436.63,0
43,99769.05,4,0,9.6,595,80760.44,1
48,52625.88,2,1,3.3,590,107286.7,0
60,80050.85,2,0,4.7,725,67461.38,0
69,76851.12,1,0,7.6,731,83083.57,0
44,38933.88,1,1,4.8,566,46341.95,0
30,11728.93,1,1,6.5,710,41104.78,0
19,75463.99,2,1,7.0,702,250000.0,1
43,171930.29,2,0,3.6,556,92591.15,1
32,235202.18,2,0,6.0,643,98639.3,0
36,198695.31,1,0,5.0,677,88763.89,1
34,206276.95,2,0,2.0,663,62010.97,0
39,43151.69,2,1,2.5,513,78384.93,1
51,124949.51,2,1,3.4,660,93769.96,0
42,150172.41,2,1,7.3,701,82378.33,0
38,156695.9,3,0,7.4,776,64156.05,1
30,98156.36,1,1,6.9,596,111673.52,0
23,114480.3,2,1,6.1,606,97961.43,0
35,194856.41,3,1,6.0,633,107406.23,1
39,146523.37,2,1,5.7,673,123603.62,0
58,165176.32,1,1,6.0,658,83352.11,1
41,72792.13,4,1,6.2,698,83413.49,1
50,159425.2,1,0,1.5,560,175372.68,1
35,113407.58,1,0,3.0,682,58850.65,1
28,182145.19,1,1,2.4,591,38732.36,0
30,60101.65,1,0,7.8,639,115561.41,1
33,172491.2,1,1,9.1,787,67802.71,0
61,80887.01,2,0,0.0,538,55423.39,1
32,173016.2,3,1,8.9,628,134043.82,1
48,125512.42,1,1,5.2,548,84323.78,0
31,107561.99,2,1,7.5,662,50968.4,0
49,84258.96,3,1,6.3,734,214977.94,0
44,100082.7,2,1,8.6,664,43597.55,0
38,75600.96,1,0,5.5,641,86557.11,1
40,82941.53,1,0,1.6,756,38460.63,0
33,143875.52,2,1,4.7,676,101657.15,0
44,22487.73,2,1,6.3,716,67444.89,0
35,171454.99,2,0,4.5,707,130123.41,0
28,173367.45,1,1,6.6,420,89298.6,0
27,86176.79,2,1,4.8,644,165270.44,0
42,116598.19,2,1,3.5,564,74175.83,0
56,48023.75,2,1,2.3,584,43718.21,0
42,137601.22,3,1,4.0,768,100152.29,1
39,53243.34,2,1,5.5,620,80331.26,0
43,4047.19,2,1,0.1,801,39691.72,0
53,229417.69,2,0,3.0,537,55974.07,1
42,43528.88,2,0,0.0,563,64592.61,0
36,98519.81,2,0,3.5,711,181223.7,0
51,119727.25,1,1,8.0,623,123737.24,0
44,143658.97,2,0,2.0,675,76963.31,0
55,104938.03,2,0,6.8,641,111241.23,1
42,127168.86,2,1,10.0,639,35947.25,0
28,84661.42,1,1,8.6,626,69797.76,0
26,26862.79,2,0,5.3,664,107797.84,0
57,102045.74,2,1,7.1,701,96953.26,0
57,157178.47,1,0,1.6,779,70604.89,1
38,45884.49,1,0,1.1,634,88461.82,1
36,120591.16,1,0,5.1,619,104790.02,1
55,250000.0,3,0,6.0,608,89621.85,1
29,97243.56,3,0,7.7,768,132589.97,0
31,100916.6,2,0,3.6,705,103878.88,1
46,24708.27,1,0,5.5,498,113280.59,1
36,41273.87,2,1,5.4,495,194592.83,0
40,53731.79,2,0,4.7,584,130606.31,1
38,153079.66,3,1,4.8,668,197007.34,0
43,48622.55,1,1,2.9,647,66516.38,0
54,16769.58,1,1,5.7,691,43957.51,1
41,135661.0,2,1,5.5,636,84494.24,0
46,57866.04,1,1,3.9,762,81311.81,0
19,25697.05,2,1,6.7,712,173563.94,0
40,165759.62,2,1,7.6,656,54124.65,0
32,77503.84,1,0,6.7,742,86861.43,1
28,144388.1,1,0,2.4,518,108000.99,1
31,24812.12,2,0,5.2,643,94146.85,0
37,10284.67,2,1,2.7,661,83314.39,0
49,112701.31,2,1,5.2,698,105759.27,0
27,39972.55,1,0,2.7,513,146262.6,1
40,111563.42,2,1,8.2,629,179629.27,0
35,113277.45,1,0,7.0,682,91338.55,1
37,103268.54,2,0,7.9,688,62344.73,1
50,205208.46,2,1,7.6,745,179531.38,1
45,250000.0,1,1,4.3,711,55416.35,0
53,134025.07,2,1,3.9,645,201455.83,1
38,250000.0,2,1,9.4,704,164789.78,0
33,79121.69,1,1,4.6,634,175921.72,0
38,33419.04,2,0,1.6,662,122515.26,0
42,61086.16,3,0,7.5,714,34785.1,0
42,82763.78,2,1,5.4,646,56385.12,1
29,250000.0,1,1,8.8,679,103328.1,0
41,107549.66,2,1,5.6,727,66404.75,0
42,210220.14,1,1,4.9,707,78095.6,1
65,74148.68,2,0,8.8,749,118578.28,0
59,67296.37,2,1,1.2,836,83372.73,0
31,23788.02,1,0,3.5,706,52000.35,1
37,250000.0,1,1,2.8,613,134069.2,1
25,250000.0,3,1,0.0,691,113467.44,0
34,121468.67,1,0,7.2,688,80460.11,0
43,86484.85,2,0,3.6,699,123950.15,0
52,110509.55,2,0,7.3,770,93932.91,1
33,32163.02,2,1,6.0,515,163845.22,1
33,144201.47,1,0,6.5,771,96337.07,0
19,242850.49,1,1,3.9,798,163298.06,0
38,250000.0,1,1,3.1,695,38731.99,0
29,24823.51,2,0,5.2,697,110659.53,1
35,208952.37,3,1,7.3,631,75246.69,0
31,32369.14,3,0,4.9,651,61144.3,0
39,11248.23,1,1,3.2,706,151583.24,1
22,214115.37,1,1,2.0,701,134276.22,0
25,69553.04,1,1,5.5,708,36484.78,0
61,194713.82,3,0,3.6,700,124186.28,1
27,183380.47,1,0,4.8,722,117586.74,1
29,168175.38,1,1,4.4,713,65002.61,0
58,109540.71,2,1,3.9,568,61801.21,0
69,35854.24,2,1,5.7,717,43993.89,0
28,82899.53,1,1,6.4,799,77317.5,0
36,250000.0,2,0,9.9,648,83091.32,0
43,198039.78,1,1,6.9,770,128825.43,0
57,86238.35,1,1,9.0,577,101598.71,0
30,85432.66,1,1,3.0,648,55860.14,0
38,158242.06,1,1,1.0,599,100213.52,1
48,115288.93,3,0,5.0,760,80277.49,1
44,89641.46,2,0,7.1,781,59094.5,1
36,149391.91,2,1,6.8,642,44015.04,1
39,146023.81,1,0,8.0,744,119220.08,1
26,62465.25,2,1,0.0,782,110022.88,0
38,131875.95,3,0,8.1,647,115625.41,0
37,140002.69,1,0,5.8,660,64851.48,0
42,103614.77,4,1,1.1,709,97202.42,0
34,57134.87,2,0,6.8,583,48467.61,1
45,80943.8,2,1,5.4,659,57734.07,0
50,47869.65,1,0,6.0,821,91376.58,1
42,134374.89,2,1,7.5,610,101277.93,0
44,24968.02,2,1,6.1,718,43243.27,0
41,250000.0,3,0,1.3,692,55919.58,1
40,235526.95,3,1,4.6,637,76354.19,0
33,142305.9,1,1,1.0,668,138537.78,1
43,190458.85,3,1,6.6,790,62421.73,0
39,182138.77,3,1,8.5,694,95877.23,1
61,116553.88,2,0,1.9,707,100507.9,0
56,91521.47,1,0,3.3,778,80434.92,1
44,83921.33,1,0,2.8,627,101536.54,1
32,250000.0,1,1,3.9,566,49136.25,0
29,55448.73,1,1,6.0,791,67000.86,0
52,56359.97,3,1,3.9,661,171618.09,1
43,201592.88,1,1,6.6,721,177142.39,0
45,189251.22,2,0,7.7,589,131515.41,1
23,87576.48,2,1,7.8,681,147670.9,1
49,152826.01,2,1,2.2,562,39573.11,0
45,166594.95,1,0,8.5,655,58726.82,0
29,34250.77,2,1,8.7,598,78242.58,0
35,245369.92,2,1,8.9,580,250000.0,0
43,166555.82,2,0,4.6,626,78172.81,0
41,144121.79,1,1,3.1,467,125840.67,1
37,167424.62,2,0,2.5,557,106705.97,0
39,132454.56,1,0,2.2,713,105642.97,1
37,99321.53,2,1,5.0,678,89052.04,0
42,117291.7,1,1,7.1,564,52446.57,0
55,31388.92,1,1,8.3,694,26689.92,0
18,250000.0,2,0,3.8,580,160234.57,1
38,98102.23,1,1,4.9,708,68195.98,1
42,250000.0,3,0,4.7,641,38846.14,0
43,118706.06,3,1,3.4,624,109606.0,0
36,66803.94,1,1,6.8,643,108664.47,1
22,240837.01,1,1,5.9,850,127149.2,0
43,140158.09,1,1,5.4,589,148692.7,0
57,250000.0,3,1,5.9,668,59517.23,1
25,65451.55,2,1,6.5,713,60707.54,0
49,247365.0,1,0,6.5,573,77975.38,1
37,250000.0,2,1,2.9,522,130261.99,0
39,175934.43,1,0,7.2,602,34939.64,1
29,250000.0,2,1,5.6,711,95345.06,0
37,99770.47,2,0,3.9,623,136901.88,0
53,55218.28,1,1,5.6,632,134383.15,0
46,71630.68,2,0,5.9,723,123799.38,0
57,112972.41,1,1,7.7,585,145206.94,0
52,181991.91,2,1,2.4,643,26142.9,0
44,58468.16,2,1,8.3,529,186023.05,1
57,83977.61,3,1,5.1,676,104427.38,0
44,62359.93,2,1,3.7,668,164087.98,0
48,203752.79,3,1,3.7,714,53049.43,1
37,250000.0,1,0,2.5,558,40877.82,0
41,47616.06,2,1,0.6,635,201075.33,0
33,157736.93,1,1,6.7,548,59315.75,0
50,220637.89,2,0,10.0,630,78251.47,0
28,93398.11,1,0,1.0,769,114110.16,1
48,33012.05,4,1,2.6,624,127435.29,1
38,239388.06,3,1,6.9,541,146217.76,0
52,31099.34,1,1,4.9,596,99517.49,0
48,250000.0,2,1,7.1,521,56001.05,0
58,61297.13,2,1,4.7,546,123691.97,0
47,26859.72,1,0,3.5,704,124581.47,1
24,75872.77,2,0,4.4,534,39767.26,1
39,106597.12,2,1,0.0,675,170411.8,0
28,123189.04,2,1,2.1,652,29389.15,0
35,166736.88,1,1,7.4,607,143351.08,1
55,131094.17,3,1,8.0,668,67657.63,0
46,250000.0,1,1,8.5,575,123629.47,0
33,102990.7,2,0,6.1,717,113227.27,0
30,135974.22,1,1,0.0,594,88509.02,0
40,128180.74,1,0,3.4,619,110255.31,1
28,23769.83,1,1,8.3,610,86566.06,0
33,40184.06,1,1,9.1,705,124099.98,0
43,113299.2,2,1,8.4,694,240611.11,0
52,147548.74,2,1,4.4,440,49217.64,0
46,15155.0,2,1,1.7,670,21437.54,0
18,250000.0,2,1,4.9,510,74645.95,1
43,155748.37,1,1,5.0,623,72384.92,0
41,108770.75,1,0,8.9,641,75937.0,1
44,150908.31,2,0,5.6,622,59317.96,1
56,72530.26,2,1,5.0,690,133273.72,0
19,124131.55,2,1,5.2,708,48337.68,1
34,138256.14,1,1,6.0,588,110239.85,0
46,241214.88,2,1,6.6,585,119955.3,1
24,96367.19,1,0,3.2,647,103774.4,1
55,31912.12,2,1,2.4,527,112058.85,0
44,54021.34,1,0,8.4,612,137962.23,1
48,90715.27,2,0,0.9,758,92195.75,1
34,35320.28,1,0,9.1,529,77006.22,1
48,49188.58,2,1,0.2,623,112019.88,0
51,54441.92,1,1,3.5,603,117916.23,0
42,86192.94,2,1,7.4,810,134312.09,0
42,154373.89,1,1,5.0,607,41647.15,0
43,83144.82,2,0,1.7,612,82865.64,0
31,161508.37,1,1,6.1,568,55723.05,1
39,108843.79,1,1,5.2,651,115843.93,0
38,50621.52,2,1,4.5,672,124814.52,0
44,139862.38,1,1,3.4,579,79545.08,1
50,125250.42,1,1,4.9,729,64821.61,1
29,164393.1,2,0,3.5,672,117735.82,1
39,187491.2,2,0,10.0,718,84762.28,0
55,246138.21,2,1,4.4,624,171009.6,0
33,157894.67,1,1,4.1,669,199864.28,0
32,122368.84,2,1,3.6,633,141193.27,0
42,164901.59,2,1,9.4,767,99933.55,0
48,76999.76,1,0,0.9,659,204653.51,1
40,72654.58,2,0,5.9,651,100296.8,0
53,250000.0,1,0,4.4,613,72542.49,1
49,71003.81,3,0,1.4,609,66413.91,1
48,55611.0,2,1,3.0,669,65577.59,0
46,157837.46,2,0,5.8,716,89742.39,1
63,77504.32,2,0,2.8,595,110852.31,0
38,186233.41,1,0,5.6,660,47607.44,0
20,234528.1,1,1,9.3,665,73537.32,1
56,62131.78,2,0,5.4,679,99046.82,0
35,170785.51,2,1,1.4,513,120234.2,0
41,69681.39,2,0,2.9,576,88956.23,0
53,92164.39,1,0,4.3,541,100467.91,1
24,135484.6,2,0,4.1,653,51546.0,0
27,72779.0,1,1,5.4,578,59710.37,0
24,127164.22,1,1,5.8,610,87568.54,0
32,97856.01,3,0,9.3,554,113245.46,0
44,189007.68,2,0,5.0,618,99872.68,1
45,189329.16,2,0,2.1,560,61426.34,1
43,73057.63,4,1,7.9,711,80911.57,0
26,137604.81,1,0,8.2,688,177707.14,0
18,208343.47,3,0,5.6,662,114976.28,0
41,48506.14,2,1,4.4,626,83652.37,0
35,97411.19,2,1,6.6,487,56723.19,0
45,133512.21,1,0,4.5,613,65286.98,1
47,46757.78,1,1,0.0,589,90267.31,1
41,79850.63,1,0,6.4,670,101899.38,1
48,250000.0,1,1,7.2,700,116083.9,1
42,70839.19,1,1,8.6,676,107168.59,0
45,77000.13,2,1,3.2,751,76187.95,0
33,156666.66,2,0,5.6,605,71508.22,0
38,42026.16,1,0,5.6,601,226094.86,1
42,98962.04,2,0,5.2,733,70063.32,0
48,56054.68,3,0,5.3,663,50327.07,0
36,126996.58,2,1,5.1,630,43051.06,1
45,4771.27,2,0,5.5,798,76774.66,1
37,115091.89,2,1,6.9,696,137387.09,0
39,136059.01,1,1,8.1,635,69451.82,0
48,81419.32,1,1,3.1,595,174983.42,0
20,85301.53,3,1,4.6,756,89705.58,1
27,73996.79,2,0,3.9,667,148281.25,0
25,98019.05,2,1,3.6,652,63996.93,0
18,250000.0,3,0,1.0,704,64445.0,1
33,192883.74,1,0,5.1,720,93763.93,1
47,97950.03,1,1,6.2,694,111827.7,1
37,79872.1,2,1,4.6,721,83036.39,0
42,181165.64,1,0,5.0,686,102659.65,1
51,121381.73,2,1,6.0,694,117287.52,1
53,45775.75,2,0,8.5,591,47492.99,0
39,89875.43,2,1,4.0,795,77199.1,0
54,250000.0,1,1,2.1,551,71264.8,0
41,152528.01,2,1,4.8,675,72839.23,0
32,80533.74,1,1,9.7,543,108083.56,1
34,29872.74,3,1,2.1,642,71711.74,0
25,126557.2,1,1,6.6,604,36507.76,0
31,109265.55,3,1,7.9,661,80913.14,0
36,95764.9,2,0,0.0,677,55747.19,1
48,182499.53,1,1,6.0,573,112523.16,0
57,153798.69,2,1,6.5,648,129330.78,0
26,30837.54,1,1,4.3,761,33822.85,1
44,109699.08,1,1,3.4,545,63523.2,0
30,38261.69,2,1,3.5,582,105512.3,0
45,74947.82,2,0,4.2,719,47742.21,0
39,35768.6,1,1,4.2,656,127997.03,1
22,36930.97,2,0,3.8,662,144315.53,0
49,137331.74,2,1,4.1,732,83671.85,1
34,128206.6,2,1,8.0,586,63532.36,0
35,103990.11,1,1,2.0,608,31818.7,0
29,70064.32,1,0,0.6,599,129816.39,1
33,33438.39,3,0,8.0,622,221617.14,1
44,75214.58,1,1,4.5,757,201916.19,1
38,128600.09,1,0,4.0,514,82440.07,1
43,126587.43,2,1,4.7,554,55042.5,0
44,248789.01,1,1,5.5,541,131202.32,0
53,226340.43,2,0,3.7,762,85005.73,1
37,106943.57,1,1,6.3,601,111605.35,0
25,74617.37,2,1,2.6,624,103135.94,0
51,57211.65,3,1,4.2,521,93846.57,1
37,28868.62,4,0,0.0,629,142970.87,0
51,41988.37,3,1,7.9,719,145381.35,0
44,128730.41,3,0,4.6,670,71136.47,0
39,160932.57,1,1,6.7,641,59406.82,0
43,86264.25,3,0,6.2,525,29230.35,0
60,250000.0,3,1,6.4,624,77017.84,0
61,42341.53,2,1,5.0,662,55026.42,0
41,26269.23,1,1,6.0,571,108684.4,0
42,250000.0,1,1,2.6,702,77375.45,1
51,31976.41,2,1,2.1,721,81244.8,1
32,85394.06,2,0,4.7,608,129696.15,0
43,61090.32,1,1,3.3,708,107616.53,1
40,135316.65,1,1,8.6,641,85395.99,1
43,80696.72,2,0,5.9,742,192231.66,0
32,161268.13,1,1,3.2,813,125458.71,0
24,184935.23,3,1,4.3,563,74639.68,1
19,28603.52,1,1,5.3,712,76153.09,0
29,55714.47,1,1,4.8,754,128326.85,0
35,170519.27,1,1,5.7,572,98601.87,1
37,209394.57,2,0,5.2,604,54341.48,1
59,119157.17,3,1,1.5,603,134616.56,1
51,142163.66,1,1,0.0,639,158469.82,0
30,250000.0,1,0,4.1,621,153152.58,1
43,81453.27,1,1,6.4,634,180196.28,0
36,118253.42,1,1,4.1,717,228365.82,1
37,226501.82,2,0,8.1,498,196034.61,0
42,235646.71,1,1,4.9,572,104910.49,0
46,98555.78,2,1,8.4,704,81942.45,0
37,57153.85,1,0,7.9,694,39507.44,0
51,97772.56,1,0,7.6,565,90441.23,1
29,104629.95,1,0,2.0,695,113683.8,0
40,55498.42,1,0,5.0,756,91781.29,1
66,62286.22,1,1,8.1,646,38478.91,1
42,235857.28,1,1,5.7,569,79109.27,0
54,146621.7,1,0,6.4,720,120326.53,0
41,85702.66,3,0,1.5,788,56721.19,1
46,44589.61,1,0,9.8,579,96967.0,0
39,62874.57,1,1,3.0,653,109294.04,0
38,24290.59,1,0,0.0,737,148843.45,1
32,121323.42,2,1,4.1,659,194509.71,0
44,60188.81,3,1,0.0,510,75928.18,1
31,128003.63,2,1,2.3,685,97758.53,0
47,169371.21,2,1,10.0,572,99145.73,0
51,129287.37,2,0,4.0,548,120545.63,1
44,78075.68,1,1,1.4,512,114622.15,0
37,53233.66,2,0,5.1,745,170897.19,0
45,39250.27,2,1,2.8,583,31523.27,0
37,221392.99,1,1,7.2,677,108626.91,0
49,125472.51,2,1,2.8,696,112072.35,0
22,81415.82,1,1,5.7,663,80960.11,0
37,154862.58,1,0,2.1,674,32492.37,1
20,198994.29,2,1,10.0,680,87563.25,0
25,61180.33,1,1,6.3,661,65369.6,0
54,122893.14,2,1,4.6,589,191500.34,0
49,124605.23,4,1,4.3,582,106558.14,0
33,250000.0,2,1,3.6,642,62918.58,0
25,80575.02,1,0,3.1,640,35734.6,1
18,51691.9,2,1,3.0,684,117400.08,0
35,132306.55,2,1,9.2,738,123109.82,0
64,163422.26,1,0,3.6,678,81671.91,1
44,116056.24,1,0,0.0,585,118091.96,1
34,250000.0,2,1,2.1,476,76944.77,1
45,80386.4,3,0,7.3,588,145482.61,1
24,118059.4,1,0,4.4,542,140684.23,1
37,30743.52,1,1,4.7,592,43047.03,0
41,49379.29,4,1,7.9,669,48037.09,0
39,61488.4,1,0,3.1,657,224502.41,1
48,90488.59,1,0,6.6,799,136906.47,0
43,35411.31,2,0,3.3,689,50995.54,0
47,153420.34,1,1,6.4,803,44395.52,0
33,57277.03,1,0,4.0,707,98820.7,0
49,250000.0,2,1,4.4,737,53826.6,1
56,58890.32,2,0,7.1,621,78045.45,1
30,109750.19,2,0,6.9,564,88105.42,1
31,100328.52,1,1,4.6,614,86410.78,1
53,45989.21,2,1,3.8,649,149418.62,1
38,90741.74,2,1,9.0,600,205500.81,0
54,89931.29,2,0,6.5,570,72551.5,0
36,185052.72,2,1,4.0,683,54109.68,0
55,135671.98,2,0,3.4,570,107210.1,1
41,151935.96,3,1,7.6,527,187536.92,0
43,182438.97,2,1,5.3,560,75065.63,0
56,153565.55,1,1,4.6,631,131956.35,1
36,122194.28,3,0,5.3,571,61750.29,1
31,61048.94,3,1,5.8,632,90865.63,0
36,116912.59,1,1,4.9,698,53353.29,1
45,52356.39,1,1,8.0,696,90439.77,0
24,95763.94,2,0,8.1,597,85405.02,0
46,87033.7,1,0,6.3,546,118328.54,0
35,91086.48,2,1,8.4,604,200324.27,0
51,35726.57,2,1,5.0,702,75550.91,0
18,4898.18,1,1,6.7,721,36595.73,0
32,75713.76,1,1,7.5,678,82175.97,0
23,210422.69,3,0,7.5,746,102976.68,1
32,108628.99,1,1,7.3,788,98559.92,0
42,200696.37,2,1,6.6,611,83844.96,0
38,52636.83,1,0,9.9,769,175788.47,1
37,72946.82,1,1,3.7,629,95689.27,0
38,250000.0,2,1,4.6,732,85854.27,0
42,55225.23,1,1,4.5,707,63423.97,0
30,149978.97,2,1,4.1,492,41008.93,0
47,149823.29,2,1,0.0,573,104372.27,0
47,139063.96,1,1,8.4,552,100509.05,0
44,151238.8,1,1,2.4,507,55874.66,0
46,54593.05,2,1,5.4,720,88220.74,1
43,78442.55,2,0,1.4,816,84358.58,1
60,7071.67,2,1,6.6,629,67950.84,0
39,250000.0,2,1,3.0,718,62980.17,0
37,150639.37,1,1,2.2,769,107996.24,0
32,61543.97,1,1,5.5,667,81303.93,1
30,53102.21,2,1,3.2,648,68983.17,0
28,212767.26,2,1,3.6,630,61072.23,0
31,58208.79,2,0,5.4,693,84886.61,1
39,61393.81,1,1,7.0,720,136432.13,0
43,44365.39,2,0,3.0,687,98770.37,0
41,169635.02,2,1,2.5,684,80891.18,0
32,198807.82,1,1,5.1,646,103402.63,1
49,87420.51,2,1,6.3,523,166298.26,0
47,199639.45,2,1,8.7,722,112223.9,0
38,131256.73,1,0,2.3,547,101179.9,1
33,42136.07,1,0,4.2,700,119958.75,1
45,245583.99,1,0,7.9,710,83822.67,0
42,43972.88,3,1,9.9,559,97772.19,0
26,92073.78,1,0,2.5,601,72224.53,1
39,87605.96,1,1,3.2,820,44793.39,1
43,76638.71,1,1,6.0,644,105013.17,0
31,17158.91,1,1,3.6,552,105194.99,0
42,250000.0,1,1,3.1,714,79070.42,1
25,19734.36,2,0,5.6,588,143441.77,1
53,250000.0,1,0,8.9,496,65045.57,1
52,51652.11,1,1,1.7,692,40556.12,1
37,66090.14,1,1,8.7,577,65766.3,0
44,239628.18,1,0,3.6,676,44987.6,1
18,140887.13,1,0,5.9,585,104786.61,1
28,31717.84,2,0,9.0,707,64159.66,0
37,31119.35,2,1,5.8,665,140178.95,0
29,127259.76,2,1,4.3,443,138867.35,0
47,43330.79,1,0,6.8,681,59357.08,0
60,145354.1,3,1,4.6,627,62562.22,1
28,155372.9,2,0,6.3,763,114469.4,1
32,56183.03,1,0,4.5,682,139873.38,1
42,68863.28,1,0,7.2,710,36384.05,1
56,130096.34,2,1,1.5,593,102162.18,0
28,54221.37,1,0,2.5,587,33478.18,1
42,108735.01,1,0,1.5,648,70314.46,0
58,250000.0,2,1,4.9,621,147224.0,1
23,134339.88,1,1,1.2,757,250000.0,1
27,77447.22,3,1,3.3,638,80829.25,0
36,250000.0,1,1,2.2,552,51347.05,0
35,177644.12,1,0,8.7,584,71431.45,0
48,44222.4,1,0,2.5,727,92716.0,1
42,51449.09,1,1,1.8,637,66566.48,0
22,22179.31,3,1,5.6,632,59361.09,0
45,128489.85,2,1,9.2,735,74271.49,0
34,13998.25,3,1,4.7,577,107535.33,0
53,250000.0,2,1,4.9,471,83393.94,0
34,84519.19,1,0,8.2,582,60526.93,0
34,184862.79,1,0,7.2,669,66571.83,0
45,78955.11,1,0,6.1,630,74706.96,1
48,126953.43,3,0,3.5,525,57401.35,0
44,92987.89,2,1,6.1,731,65470.16,0
23,106548.45,1,0,1.6,663,120234.72,1
45,223014.02,2,1,3.4,681,81139.12,0
30,250000.0,2,1,8.6,684,40884.07,0
42,250000.0,1,1,8.3,546,142741.68,1
26,250000.0,2,1,6.1,674,108563.32,0
44,59089.84,2,1,0.2,723,48298.47,0
32,135502.91,2,1,2.0,741,76354.66,1
27,60186.9,1,1,3.3,708,63014.52,0
47,217135.43,1,0,4.6,691,122048.35,1
42,46061.14,1,1,1.9,511,76139.42,0
34,225519.41,2,1,4.4,649,87100.42,0
55,118800.52,3,0,9.4,573,82654.74,0
36,96863.05,2,1,6.0,753,46235.56,0
40,105024.09,1,1,5.5,740,169395.79,1
43,39360.93,1,0,2.5,574,121250.44,1
34,42310.26,2,1,0.9,646,64295.33,0
45,120279.6,1,1,1.9,670,98115.71,0
35,119713.59,2,1,0.8,722,139513.69,0
36,62373.74,2,1,5.2,516,92286.06,0
54,83835.05,1,0,6.0,473,181335.53,1
30,143348.71,1,1,2.6,653,250000.0,0
18,53983.23,1,1,5.4,447,85034.32,1
56,19631.4,1,0,8.7,663,69246.41,1
65,250000.0,2,0,9.9,697,57660.68,0
36,126192.95,1,1,6.9,749,33238.24,1
21,71433.16,1,1,4.6,600,157823.12,0
37,60041.0,1,0,6.8,663,76764.13,1
37,53553.49,1,0,8.4,702,133449.05,0
38,216579.5,2,1,0.0,556,146088.58,0
29,33704.49,2,1,8.7,723,55333.2,0
46,135264.83,2,0,3.6,672,59201.29,0
45,135185.88,2,1,3.7,602,197338.15,1
25,171673.99,1,1,4.1,661,87206.63,0
47,76783.47,2,0,5.8,639,66865.31,1
61,249037.63,1,1,2.2,712,56231.76,1
42,175049.12,3,1,4.3,621,84449.57,0
37,74815.84,1,1,6.3,668,177392.03,1
39,57810.47,1,0,5.5,600,122517.85,0
46,93176.69,1,1,6.0,575,97670.81,0
23,72914.44,2,0,4.2,664,183946.34,0
42,50386.68,1,1,6.7,578,168663.99,1
36,108388.85,3,1,7.6,714,104602.21,0
58,84248.63,1,0,7.5,697,250000.0,1
38,250000.0,2,1,6.1,589,80517.07,0
57,72823.91,2,1,7.3,667,147513.91,1
29,57389.83,1,0,7.2,588,75411.61,1
46,103438.57,1,1,10.0,522,135110.3,0
43,123436.7,1,1,8.0,602,80482.15,0
31,130063.31,2,0,4.8,646,110766.61,0
42,129189.94,3,1,2.7,692,250000.0,0
52,105966.42,1,0,4.3,662,138122.78,1
37,100526.7,1,1,4.2,723,111540.55,0
23,155967.05,1,1,6.3,572,63509.75,0
40,46649.78,1,0,3.2,620,97955.43,1
31,57722.06,2,1,8.0,782,57180.25,0
37,26299.54,1,0,1.5,496,134148.72,1
39,47294.98,1,0,0.9,614,132642.11,1
23,202922.01,3,0,4.7,564,83011.05,1
24,151576.52,2,1,2.9,634,190261.43,0
45,250000.0,2,1,1.9,615,178593.61,1
35,250000.0,1,0,3.4,698,96269.41,1
18,152447.58,3,1,3.1,670,116081.17,1
48,114484.26,2,0,5.0,546,69061.95,0
43,104864.32,2,0,3.4,603,79625.03,1
33,13036.91,1,1,3.7,650,55407.01,0
27,96691.73,3,1,5.0,709,72570.47,0
48,66055.02,2,0,7.5,845,85870.01,0
43,49086.2,2,1,8.7,706,42633.67,0
64,136399.6,2,1,5.4,569,116673.09,0
44,88384.25,2,1,5.6,642,142560.63,0
44,109495.72,2,0,4.5,664,89679.9,1
38,43205.42,3,1,6.2,608,26737.06,0
48,180037.68,1,1,6.0,688,80315.52,0
46,72555.5,1,0,8.3,468,48076.13,1
53,131495.05,2,0,0.3,694,68407.41,1
35,77316.2,2,0,4.4,612,172980.87,1
36,10427.59,2,1,5.8,641,30093.13,0
35,140173.59,2,0,4.9,767,62330.23,0
48,92696.25,2,0,2.7,549,130727.63,0
55,24550.08,2,0,1.8,672,65624.09,1
35,38764.19,1,1,7.0,714,63403.31,0
36,183525.76,2,1,3.1,664,224616.04,0
43,25754.71,1,1,0.6,521,106706.71,1
38,71100.25,2,1,7.1,758,137036.29,1
50,250000.0,3,1,6.1,633,112439.02,0
18,142639.27,1,0,4.7,608,96792.89,1
32,167067.38,1,1,2.7,625,158954.96,1
32,82812.99,1,0,4.7,619,212133.47,1
18,22461.66,2,1,8.0,555,42191.85,0
30,116991.1,1,0,1.0,663,88580.95,1
31,41203.62,1,1,1.1,602,88267.35,0
38,37768.02,3,0,3.4,704,74190.41,1
51,107705.18,1,1,4.9,691,139950.24,1
38,43763.2,2,0,3.8,780,101029.15,0
30,99066.3,2,1,6.6,633,214063.45,0
39,59284.42,1,1,7.7,586,147662.54,0
50,96603.78,1,0,5.7,532,166322.02,1
30,67582.95,3,1,6.4,825,52467.07,0
31,98554.13,2,0,5.7,703,62619.14,1
46,250000.0,1,1,5.0,595,64984.48,1
38,169590.01,2,1,1.8,785,163238.63,1
46,90771.06,2,1,2.4,758,58240.46,0
40,226367.87,1,1,1.6,542,59011.91,0
47,132792.4,2,1,4.6,590,54336.69,0
30,216378.37,2,1,5.6,639,250000.0,0
40,28604.64,1,0,1.4,564,84420.08,1
38,44197.95,3,0,5.2,642,114235.18,1
28,116031.5,1,1,2.8,707,53867.75,1
24,89126.7,1,1,2.3,540,138583.9,0
47,98723.84,1,1,3.4,673,40514.49,0
36,147752.61,2,0,2.2,743,57931.34,1
30,116849.22,2,1,6.5,682,64760.21,0
39,180467.93,3,0,4.6,644,99315.52,0
51,177225.63,1,1,7.0,597,62986.64,0
18,45996.16,2,1,3.9,716,178682.2,0
25,10895.0,2,0,4.0,556,112872.64,1
31,43500.1,1,1,9.7,669,65989.0,0
55,41108.98,1,1,0.9,652,140996.82,1
43,104125.87,2,1,8.2,740,75401.84,0
48,103173.56,1,1,9.1,603,69000.46,0
29,85209.63,2,1,6.9,610,134683.38,0
29,136309.49,2,0,4.2,551,29845.64,0
44,250000.0,1,1,8.6,685,125270.74,0
41,83829.55,4,1,4.2,616,65295.1,0
45,119444.89,2,1,3.2,581,65250.67,1
38,98707.85,2,1,4.0,589,217233.17,0
43,62932.84,2,0,3.6,693,70864.1,0
42,148680.83,1,1,2.6,562,138375.53,0
48,80772.79,2,1,7.8,569,102050.71,0
48,52697.57,1,1,3.1,722,106927.99,0
24,55980.95,1,0,4.9,637,80404.14,1
18,184764.94,1,0,1.4,726,78538.4,1
50,146203.22,1,1,5.1,621,179003.34,1
52,68532.86,1,1,2.1,650,136799.55,1
30,134787.3,1,0,2.0,663,71876.78,1
21,99548.75,3,0,4.7,761,56213.98,1
41,120886.52,1,1,7.6,754,69185.86,1
49,61638.45,1,0,6.1,742,139977.62,0
58,42234.22,1,1,6.3,600,152966.81,1
45,80433.59,2,1,4.7,571,115530.47,0
36,48640.67,1,1,4.2,711,43478.33,1
31,45673.73,2,1,7.0,760,126344.24,0
40,30193.53,2,1,3.6,743,161809.52,0
37,10994.4,1,1,7.1,651,97310.81,0
30,69479.03,4,0,8.1,708,219361.5,0
60,207758.34,1,0,2.9,710,49668.6,1
58,174950.95,2,1,3.3,662,122483.1,0
51,250000.0,1,1,3.6,665,56866.71,1
31,44019.97,2,0,1.3,658,144915.89,1
49,155221.58,2,1,3.8,587,118581.09,1
46,90460.04,1,1,8.3,595,202435.19,0
44,56057.73,1,0,2.4,594,112694.27,1
52,192406.02,1,1,8.3,522,75038.92,1
46,91133.68,1,1,3.9,661,72155.83,0
47,19596.66,4,0,10.0,647,80417.35,0
46,173710.25,2,1,3.3,711,71520.48,0
43,128495.79,2,1,4.6,751,165010.43,0
22,108400.56,3,0,2.7,756,159787.83,1
41,36795.67,2,0,3.3,763,45894.91,0
34,117510.12,2,1,8.3,589,91567.07,0
27,250000.0,1,0,6.2,535,92566.83,0
57,126048.2,1,1,7.6,724,63321.62,1
57,26201.61,1,1,1.7,761,109620.26,1
54,132728.49,1,1,6.6,774,173676.18,1
43,126962.07,1,1,2.6,689,134440.77,1
54,163791.7,1,1,1.7,490,165007.42,1
40,124520.79,1,0,5.6,679,65137.42,1
42,45806.31,1,1,5.6,694,91490.78,0
29,104267.88,1,0,5.1,750,63769.07,1
44,81487.65,1,1,6.8,764,100238.59,1
41,113281.8,1,0,7.2,723,104382.56,0
27,197049.26,2,1,8.7,603,138620.05,0
39,59136.29,2,1,2.0,568,162532.99,0
39,250000.0,2,0,8.8,693,122713.13,1
58,132138.53,1,0,9.7,587,61113.53,1
49,174367.89,1,1,4.1,768,48976.08,0
40,159076.24,1,1,0.8,514,113729.03,0
42,128506.16,1,1,1.5,695,176804.42,1
40,145122.86,1,1,3.8,676,89001.51,1
38,1609.13,3,1,10.0,633,45262.67,0
29,158875.55,1,0,5.0,576,229970.23,1
38,48878.34,1,1,3.5,485,112172.93,0
33,95149.25,2,1,3.3,607,97205.12,0
27,127887.07,2,1,1.7,609,53208.74,1
45,202854.23,1,0,7.2,739,90659.16,0
44,48890.66,1,1,4.8,587,122597.61,0
22,70825.29,3,1,10.0,686,112862.36,0
39,78353.6,1,1,6.6,547,66278.16,1
50,114253.18,2,0,7.1,688,87718.28,0
51,82042.25,2,1,4.4,471,68211.06,0
50,145565.94,1,1,2.3,818,190315.34,1
40,20409.25,2,1,2.8,639,134626.32,0
32,89731.48,1,0,1.6,426,71083.77,1
29,250000.0,1,1,7.3,593,53196.8,0
43,82204.95,1,1,4.0,580,101985.07,0
44,132480.86,4,1,7.4,598,72099.12,0
53,182757.29,1,1,5.3,621,74557.58,1
51,129541.33,1,1,4.3,597,53998.88,1
39,250000.0,3,1,2.1,585,57092.67,0
28,106019.3,1,1,5.8,557,96835.27,0
37,150506.05,3,1,4.5,716,79815.23,1
42,117586.57,2,1,7.3,746,250000.0,1
38,234229.79,2,1,3.2,630,117592.32,0
34,73498.84,2,1,6.5,649,53599.88,0
43,250000.0,2,1,9.1,560,45095.09,1
35,60311.14,1,1,5.7,656,107660.93,0
34,250000.0,4,1,7.0,668,75280.38,1
43,44247.24,3,0,6.4,632,163853.61,1
36,153776.61,3,0,9.7,682,102171.05,1
42,99548.87,2,0,5.9,675,36880.23,0
43,180276.68,2,1,6.7,566,56887.11,0
29,134719.4,2,0,4.9,745,66415.65,1
35,173896.11,1,0,3.1,633,109807.22,1
54,42948.22,2,1,2.0,784,56040.3,0
28,24249.7,2,1,8.2,684,96406.88,0
19,37158.31,2,0,2.5,808,49330.49,1
21,36339.61,1,0,6.9,744,90250.86,0
40,42505.3,1,0,6.0,668,106305.96,1
40,63560.12,2,0,7.3,592,173727.73,0
39,63119.39,1,1,3.7,594,100516.17,0
52,101246.83,3,0,3.0,693,62319.79,1
18,51817.5,2,1,5.9,661,176207.44,0
44,55238.12,1,1,4.3,603,82878.82,1
56,85917.45,1,0,1.9,717,127474.29,0
29,196694.2,2,1,9.8,653,68306.61,0
36,72543.79,1,1,3.0,717,93752.65,1
32,96495.82,2,1,2.5,572,62755.05,1
31,108055.69,1,1,4.4,730,104045.33,0
37,46772.13,1,1,8.1,690,129222.06,1
54,78008.26,1,1,0.0,746,72034.85,1
58,58813.97,2,1,7.9,728,70235.66,0
37,184638.15,3,1,2.7,643,105676.01,0
59,174768.69,3,1,5.7,637,62087.98,0
40,54156.34,2,0,3.3,793,45455.55,0
58,95167.38,2,1,10.0,627,105503.91,0
39,150585.77,1,0,5.3,710,85742.27,1
41,124789.26,2,1,3.2,619,84929.62,0
44,134135.35,3,1,4.2,501,113782.8,0
72,47011.5,1,0,5.2,552,121164.28,1
49,250000.0,3,0,5.4,682,83710.03,0
33,62594.56,1,1,6.1,706,54304.57,0
50,61205.91,1,0,5.0,683,67521.47,1
36,33280.78,2,0,1.6,742,117101.78,1
35,88699.3,3,1,4.1,681,95697.38,0
49,210359.88,1,1,6.5,588,70275.13,1
40,123922.17,2,1,3.3,698,63233.6,0
43,93837.97,1,1,6.7,664,118846.17,1
40,166436.25,2,0,5.1,604,81456.25,0
43,206979.6,2,1,4.5,688,126283.86,1
44,174512.14,1,0,8.0,656,133688.27,1
21,17815.73,2,0,0.7,602,78181.4,1
47,167384.65,2,0,3.3,636,137985.84,0
30,137771.55,2,1,8.1,763,95783.85,0
26,53193.49,1,1,9.6,760,101524.57,1
39,138161.44,1,1,10.0,665,33611.64,1
41,210634.56,3,0,5.1,655,58142.39,0
33,64764.46,2,1,6.1,535,59578.65,0
48,182743.96,2,0,7.0,788,77977.09,1
27,125811.18,2,1,8.2,733,94752.44,0
36,3694.19,2,1,5.8,710,96512.48,0
34,98893.04,1,0,7.3,468,102349.74,1
40,122376.94,2,0,6.1,653,66127.49,0
43,80350.92,2,1,6.3,640,122844.95,0
30,129063.22,1,0,2.7,705,203159.11,0
47,91380.24,1,1,4.2,614,76769.96,0
41,250000.0,2,0,3.7,631,66763.66,0
21,76163.0,3,1,2.0,700,66115.97,0
20,54444.3,2,1,0.9,588,93528.87,1
40,176705.75,1,1,3.9,604,71038.09,0
38,83640.69,3,1,4.3,665,41312.37,0
39,94992.14,1,0,5.3,757,46724.63,0
40,89177.67,1,1,6.4,715,142436.35,0
42,170304.4,3,1,5.5,736,160231.07,0
49,42224.08,2,1,4.4,655,184889.8,0
29,182502.97,3,1,2.7,770,99648.27,0
28,145507.38,2,0,7.2,511,57621.87,0
29,250000.0,2,1,4.7,812,73899.23,0
43,115832.18,1,0,3.9,822,46002.02,1
52,44926.32,1,0,4.5,687,45211.81,1
36,116727.53,3,1,3.2,717,100955.3,0
18,126997.58,3,0,3.7,647,114705.14,1
23,222529.44,1,1,3.6,633,217256.3,1
32,44830.4,1,1,4.3,601,86696.85,1
34,26225.35,1,1,6.6,646,48851.45,0
36,118441.23,1,1,6.0,694,85195.23,1
40,250000.0,3,1,8.9,684,79257.58,1
37,160064.29,1,1,8.0,809,72150.59,1
50,166312.89,1,0,9.9,658,105056.36,1
33,32477.61,3,1,6.4,531,52106.88,0
31,105056.96,2,0,6.4,782,95453.03,0
45,225261.26,1,1,3.8,552,120664.4,1
25,128043.07,1,0,7.1,605,170492.56,1
44,24492.05,1,1,3.4,672,103490.39,0
41,103564.32,1,1,1.3,683,143913.71,0
39,152637.12,1,1,8.8,534,73703.95,1
56,95605.16,1,0,1.9,590,78482.77,1
34,49687.7,1,0,6.1,532,165065.25,0
61,180281.95,1,1,2.8,700,48550.12,0
38,73861.83,1,0,7.8,745,75068.16,0
27,136541.51,3,0,8.2,552,149546.97,0
41,101593.31,1,1,6.3,730,81843.54,1
29,71719.95,1,1,8.1,724,79145.57,0
32,250000.0,3,0,5.0,597,79870.79,1
44,65601.61,1,0,10.0,491,94871.94,0
46,107798.14,2,1,6.9,564,146723.14,0
34,101362.17,2,1,2.7,602,136416.66,0
50,116371.61,2,1,5.2,773,90465.22,1
52,250000.0,1,0,4.6,641,147140.0,1
54,152769.57,2,1,4.4,569,104963.9,1
45,71184.98,2,1,0.9,662,132477.62,0
54,250000.0,1,1,6.0,546,56658.58,0
21,170817.5,1,0,1.5,691,196794.18,1
37,72272.52,1,0,0.0,572,99375.49,1
31,232513.42,2,1,4.1,583,26129.64,1
41,32141.03,1,1,3.1,680,189918.85,1
34,40711.6,1,0,2.8,790,90204.96,1
38,22860.05,2,1,0.0,826,75326.91,1
59,13495.84,3,1,2.9,567,68528.68,0
38,221869.01,1,0,4.6,602,109682.03,1
44,117407.93,1,1,3.4,691,60342.38,0
38,25093.22,1,1,6.0,744,69421.86,0
41,99453.8,2,1,8.5,477,70176.57,0
40,186498.18,1,0,6.3,657,78909.25,1
44,56618.41,3,0,7.6,611,71376.31,1
52,80363.25,1,1,7.8,496,132102.22,0
56,250000.0,1,0,2.5,543,101675.64,1
43,86022.45,1,0,6.1,605,107412.46,1
46,27212.17,1,0,7.5,655,118460.63,1
28,67822.84,2,1,3.9,731,86307.56,0
39,23375.24,2,1,3.0,678,56864.46,0
49,161314.25,1,0,6.3,726,202783.17,1
49,50168.4,2,1,1.3,652,136619.58,1
42,48825.51,1,1,2.3,594,185969.34,0
49,250000.0,2,1,3.3,635,143359.0,0
45,36787.96,1,0,6.1,706,73159.54,1
52,30905.38,2,1,5.5,733,31287.53,0
43,42621.81,1,1,7.6,638,51765.11,0
36,190396.01,3,0,2.7,576,119850.44,1
43,147194.68,3,1,2.6,677,85972.12,0
18,67125.54,2,1,6.3,688,74505.82,0
44,62319.91,3,1,3.0,749,29277.25,0
18,139531.73,1,1,3.5,596,89469.91,0
23,120607.87,2,0,0.4,597,55313.08,0
45,90286.37,1,1,5.7,710,64964.28,1
45,150697.5,3,0,8.9,617,131941.22,1
28,40120.9,1,1,2.4,614,56638.89,1
33,50896.29,1,1,7.6,750,59124.74,1
54,156125.98,2,1,4.9,540,97838.76,0
35,127609.06,1,1,0.6,814,133269.4,0
62,104615.35,2,1,2.8,601,75082.84,0
40,250000.0,1,1,2.6,719,174174.31,0
44,173680.14,2,0,4.2,641,50623.13,0
56,68741.42,3,1,6.0,672,46781.35,0
41,54727.16,2,0,9.6,629,45021.09,1
30,131889.49,1,1,1.4,719,42790.96,0
39,221416.68,1,1,3.8,622,104716.5,0
40,19840.41,1,1,2.8,604,57962.98,1
26,125280.63,1,1,1.8,795,47713.92,0
37,79337.92,2,1,5.2,652,106774.4,0
33,117381.17,1,1,5.0,596,130397.42,0
49,28815.45,1,1,0.5,531,144415.7,1
40,221312.26,1,0,5.0,799,133444.77,1
37,250000.0,3,1,2.0,606,59540.88,0
39,163081.87,1,0,5.0,815,101905.98,0
42,250000.0,1,1,8.2,682,112550.49,0
46,76316.75,1,1,6.2,661,72683.34,1
30,123196.61,1,1,5.4,664,96926.03,1
30,164728.76,3,1,3.7,827,51243.13,0
51,133109.74,1,0,5.2,475,67856.12,1
36,84051.36,2,0,6.4,667,106390.25,0
26,91021.52,2,1,6.2,629,177363.96,0
44,245878.1,2,1,4.8,633,151102.36,0
45,100777.65,2,0,5.5,662,121170.18,0
25,213137.24,2,1,1.7,629,93286.43,0
42,96956.83,1,1,3.2,665,87004.16,0
47,212298.44,2,1,6.8,648,46917.45,0
44,108802.76,2,1,7.1,545,61795.57,0
46,155554.94,2,1,5.2,681,62710.25,1
26,60451.79,2,1,8.7,707,116565.27,0
43,123007.51,1,0,6.3,607,137694.32,0
37,61180.23,1,1,4.4,799,125369.79,0
35,74869.11,1,0,2.0,757,153240.65,1
49,79649.23,1,0,8.6,718,92974.53,0
55,89856.33,1,1,6.9,717,57829.04,1
58,196366.38,1,1,9.5,652,88000.27,1
53,72645.04,2,1,10.0,741,64950.99,1
39,114208.86,2,0,1.8,776,121006.79,0
44,212745.48,2,1,1.8,715,76571.15,1
48,153354.02,2,0,0.0,604,86096.64,0
41,20284.03,1,1,7.3,647,122969.91,1
41,28061.64,1,1,6.6,696,64477.56,1
48,134846.28,2,1,5.2,717,138878.46,0
39,69806.11,2,1,1.9,644,49077.04,0
33,24386.66,2,0,4.8,605,103312.42,0
36,65856.56,2,0,5.5,777,86392.87,0
46,138372.25,2,1,7.0,564,130596.64,0
40,78972.77,2,1,5.7,575,48489.21,0
43,106449.94,2,1,6.7,544,45193.52,0
47,84477.33,2,0,4.7,575,126132.08,0
36,58710.34,1,1,8.0,750,75482.04,0
48,121327.67,1,1,6.6,752,86396.63,0
44,21852.59,1,0,2.0,644,66881.51,1
28,52780.58,2,1,8.5,690,135717.34,0
54,173239.96,2,1,8.1,649,102971.99,0
35,28932.53,1,0,6.2,555,100294.26,1
23,102619.5,1,0,5.7,827,53169.26,1
30,74275.57,2,0,9.1,760,112785.43,0
30,68888.4,1,1,0.9,678,57587.98,0
41,184385.62,2,1,8.1,582,66917.52,0
37,208712.57,1,0,3.8,632,48686.57,1
37,42528.75,1,1,7.7,595,83878.22,0
46,90406.41,1,1,5.3,658,145303.21,1
43,16147.34,1,1,1.9,675,99665.78,0
43,177499.26,1,1,3.8,623,73772.81,0
44,98755.7,1,0,7.6,534,94530.78,1
46,27046.54,1,1,4.5,821,94295.73,0
19,54937.1,1,1,3.4,669,92715.96,0
36,39243.59,2,0,3.4,687,97476.39,0
18,52347.15,1,0,6.6,616,56362.96,1
40,17917.64,1,1,9.4,525,94419.91,0
40,244177.49,1,0,0.0,643,40851.68,1
50,43965.45,3,1,10.0,624,116610.61,0
52,102441.43,2,0,5.5,707,54793.55,0
42,137498.74,4,1,6.5,722,152891.53,0
35,208907.93,3,1,3.9,711,29947.72,0
45,105027.42,1,1,5.0,729,191196.35,0
35,83503.88,2,0,5.5,794,43041.31,0
40,108240.22,1,1,2.4,681,52448.89,0
50,42317.08,3,1,3.0,738,102964.61,0
34,45386.75,1,0,8.0,690,118893.89,1
48,82038.13,1,1,1.1,498,79224.55,0
47,11567.73,3,0,6.1,638,134489.0,0
30,59734.55,2,1,4.1,581,62888.31,0
50,70764.06,3,1,2.6,669,75184.74,0
47,250000.0,1,1,9.9,587,78560.94,0
41,226731.04,1,1,2.6,698,70635.41,1
32,137153.75,1,1,2.2,728,37691.3,0
31,180465.56,1,1,4.5,746,89006.51,1
35,45053.39,1,0,3.1,780,85460.69,1
45,110343.08,1,1,5.0,516,146202.39,1
30,165823.02,2,1,5.4,554,50457.67,0
44,45410.6,1,0,5.6,850,67496.54,1
28,28141.96,2,1,4.7,731,154683.44,1
38,127304.77,2,0,3.2,668,102697.69,1
41,31298.14,2,0,6.6,653,115241.57,0
64,145885.1,1,1,4.7,645,110371.81,0
26,206569.96,1,1,3.8,495,110592.46,1
55,46677.48,1,0,8.7,588,204237.22,1
41,49825.02,2,1,4.7,641,93784.82,0
44,202601.53,1,0,7.7,593,57094.35,1
41,105438.49,1,1,8.1,603,119973.22,1
44,185121.03,4,1,8.2,850,69746.09,0
38,84337.23,2,1,6.7,630,85655.89,0
55,89177.95,2,1,5.0,672,106313.38,0
35,103463.39,1,0,4.8,669,62190.37,1
51,250000.0,3,1,4.4,697,71534.3,0
34,175634.81,1,0,0.0,612,111490.74,1
39,58135.6,1,0,6.8,750,70310.38,1
29,116079.52,3,0,5.6,685,139467.7,1
45,79934.67,3,0,7.1,547,57745.11,0
54,68887.42,2,1,4.7,641,57657.69,0
39,143109.73,1,0,6.7,636,212201.18,1
38,123761.03,1,0,1.6,633,45205.0,1
29,47143.99,2,1,2.1,691,88924.46,0
38,103650.72,2,0,0.0,701,207053.54,1
24,67226.74,1,1,4.7,691,88849.46,0
31,136977.06,1,1,3.1,677,164985.32,1
42,64886.41,2,1,2.7,657,120713.91,0
53,89583.27,2,1,5.8,478,89708.8,1
68,70381.45,1,1,3.9,712,84861.4,1
34,21051.44,2,1,1.4,689,34678.39,0
54,250000.0,4,0,10.0,571,77961.06,1
42,102828.24,1,0,4.9,672,99913.82,1
38,250000.0,2,0,2.3,702,99888.84,0
44,106210.42,2,0,3.3,744,250000.0,1
41,160826.35,2,0,4.6,691,102129.42,1
41,61304.18,3,0,4.6,676,119507.01,0
36,62546.38,2,1,8.3,726,152024.71,0
26,98717.67,2,0,4.8,625,114782.07,0
25,250000.0,1,1,9.6,683,86581.62,1
47,48563.42,2,1,3.9,600,86771.25,0
37,16079.72,1,1,6.1,739,76862.27,0
34,199539.47,1,1,7.6,521,109914.7,0
40,167496.31,2,0,8.0,715,83359.73,1
48,73508.01,2,1,8.3,651,119227.22,0
42,250000.0,4,0,4.3,727,57152.34,1
33,250000.0,2,1,5.0,588,96148.27,1
52,19547.36,2,1,0.0,657,180953.48,0
56,60151.62,1,1,4.5,655,81347.42,1
45,98200.76,2,1,7.7,685,206264.72,0
50,134427.07,3,0,7.2,566,96878.91,1
52,120851.52,1,1,4.8,701,87740.27,0
51,102548.58,2,1,9.2,502,94849.17,1
46,42467.87,2,1,4.0,597,78231.25,1
46,146089.5,1,0,3.2,525,36912.84,1
45,151751.12,2,0,3.8,716,133738.76,1
29,190395.73,1,0,2.2,682,241418.17,1
47,37388.97,1,1,6.6,686,111720.79,1
26,87031.2,1,0,5.7,768,114824.41,1
32,70754.22,1,1,6.5,625,82900.65,0
53,36762.49,1,1,4.0,699,151534.72,1
48,86004.16,3,1,4.9,655,88423.47,0
55,44342.16,1,1,0.0,643,101499.99,0
37,31444.42,2,1,5.9,755,44498.8,0
28,168940.32,2,1,5.2,817,70923.78,0
38,73203.64,1,1,2.2,615,106178.18,0
41,57817.44,1,1,4.7,717,135375.85,0
41,221376.76,3,1,4.4,676,137075.59,0
51,154828.42,2,1,9.4,676,44220.05,0
36,14236.25,3,0,2.3,670,46284.58,0
44,135035.82,1,0,5.8,623,117058.21,1
30,134594.26,2,1,2.3,363,64311.98,0
45,83337.21,2,1,3.6,773,134609.28,0
40,80977.17,3,1,5.7,594,43217.0,0
33,23642.44,1,1,4.5,631,86101.36,0
38,250000.0,3,1,5.0,632,88624.04,1
38,85755.12,1,1,5.8,587,111722.7,0
37,130027.89,2,0,3.8,669,56587.48,1
58,89341.14,2,0,7.2,646,37142.65,0
39,58601.5,2,0,4.2,593,97210.86,0
38,177675.76,1,1,4.8,662,114057.57,0
19,113593.78,2,0,5.9,647,141622.41,1
31,86299.23,1,0,5.6,724,76589.61,1
37,129065.49,2,0,6.6,543,127595.67,1
33,95544.57,2,0,5.8,586,111989.81,0
54,250000.0,2,0,6.2,708,163186.21,0
38,173694.15,1,0,4.2,599,87784.51,1
53,143797.47,2,1,2.3,578,41320.34,0
41,26548.52,2,1,1.4,603,87301.08,0
40,147214.18,2,1,0.8,642,93654.5,0
39,144737.79,2,1,9.4,642,113635.63,0
40,45027.19,2,1,0.0,633,45155.07,0
57,25953.83,2,1,8.0,568,78209.37,0
18,168984.28,2,1,2.9,712,133014.25,0
20,183176.56,1,1,8.0,756,85881.74,0
35,62806.15,2,0,0.0,497,78431.78,1
40,60567.62,1,1,4.4,526,212227.02,0
47,112214.22,1,1,8.6,730,55606.93,0
45,73020.17,2,1,6.8,776,156762.09,0
36,25394.87,1,1,4.2,480,142504.28,0
50,44588.14,2,0,0.1,715,81327.54,1
50,126764.49,4,0,1.7,781,88677.74,1
42,46774.1,1,1,8.5,581,88535.47,0
50,189295.8,1,1,4.1,776,97678.96,1
43,143153.69,1,1,4.8,636,68873.13,0
34,130300.14,1,0,5.7,675,74228.11,1
47,110557.08,2,0,1.7,592,76704.37,1
41,56478.42,2,0,6.0,730,77814.34,0
40,156615.51,2,1,4.0,717,78254.74,0
55,55173.89,1,0,5.7,788,32833.14,0
18,196276.06,2,0,3.6,765,94042.97,0
26,250000.0,1,0,1.1,649,70983.62,1
28,113118.43,2,1,3.9,850,38851.42,0
36,241323.91,2,1,6.6,758,76883.15,0
37,45122.57,1,1,6.0,693,75821.27,1
25,144246.49,2,1,5.1,570,159759.52,1
30,100693.39,2,0,7.2,528,70608.9,1
31,170918.52,1,1,4.5,534,121548.73,0
65,15177.11,2,1,5.1,575,167682.96,0
58,164215.92,2,0,3.8,760,67841.82,1
36,60899.16,1,1,7.4,689,88096.77,0
36,104305.81,1,0,5.7,601,195922.85,0
29,250000.0,2,0,3.6,639,99768.14,1
21,147535.26,3,0,1.3,629,106484.25,0
39,134636.02,2,0,7.8,714,74929.33,0
30,127224.39,2,1,3.1,580,122606.81,0
39,209791.52,2,1,5.2,678,88408.71,1
24,174819.92,1,0,10.0,674,39462.99,1
32,128200.0,1,1,7.0,582,76704.09,0
41,117457.76,1,1,9.0,777,52845.85,0
44,112049.35,3,1,3.7,626,94662.52,0
44,96742.92,2,1,7.7,571,59574.76,0
27,36828.86,3,1,5.1,718,111605.18,0
49,145406.9,1,1,5.9,654,91831.3,1
32,65804.66,2,1,10.0,683,51326.42,0
46,88390.38,2,0,4.3,555,72108.18,1
40,182687.08,1,1,5.0,715,118992.79,1
26,98401.1,1,1,2.7,824,150868.19,0
37,92934.9,2,1,7.2,549,59962.54,0
44,113359.5,2,1,3.6,678,54924.61,0
46,80198.7,2,1,7.6,587,216535.15,0
39,250000.0,1,1,0.9,850,89605.27,0
55,250000.0,2,0,6.4,749,93781.79,0
50,250000.0,1,1,3.4,673,64527.0,0
37,127516.42,1,0,6.8,552,99152.47,0
48,62550.68,2,1,5.0,571,194727.81,0
59,185938.7,1,1,3.7,710,100914.54,0
60,80664.86,3,1,4.0,541,145335.25,0
28,196761.71,1,0,2.9,544,91181.53,0
31,60251.36,1,1,7.1,651,56724.05,0
55,133893.14,1,1,2.4,661,66178.34,0
29,215102.29,2,1,4.3,680,54423.64,1
27,84073.9,1,1,5.9,615,99267.04,0
35,83848.07,1,0,9.0,724,156109.8,0
44,28576.65,1,0,5.0,581,96762.99,1
39,61738.89,1,1,4.4,700,78359.55,0
33,125805.15,2,1,5.7,667,63084.29,0
33,139171.52,2,1,0.0,698,105610.77,0
33,153190.66,1,0,2.0,745,51555.05,1
31,18998.26,2,1,4.1,614,54025.93,0
63,80954.89,1,1,3.2,597,134947.14,1
43,31872.87,2,0,1.0,515,79426.25,1
49,121464.17,1,0,7.1,488,78724.57,1
35,23676.39,2,1,5.6,636,83406.81,0
38,40803.61,1,1,5.4,641,124767.46,0
33,172844.59,2,0,3.3,563,96958.77,0
18,67481.94,1,0,5.2,580,64419.93,1
26,242642.88,4,1,6.3,772,65471.71,1
22,155897.62,1,1,4.3,720,82434.98,0
18,84426.25,3,1,6.1,549,103111.26,1
28,191075.88,3,1,3.0,615,88573.28,1
53,89839.28,1,1,5.2,682,85096.77,1
40,166368.06,1,0,7.9,600,91894.14,1
53,59337.76,1,1,8.1,585,88544.8,0
44,198379.31,4,1,8.3,623,63347.62,0
48,25942.88,2,0,5.7,737,148114.05,0
31,40750.84,2,1,5.1,745,72440.79,0
45,47056.97,1,1,3.9,591,95388.59,0
47,64447.31,2,0,0.5,687,35611.15,0
34,128918.5,1,1,1.6,649,81694.06,0
46,102233.88,1,0,4.6,569,54871.53,1
46,167641.06,1,1,4.7,626,57930.84,0
35,217045.28,1,1,8.5,549,250000.0,1
29,23198.67,3,0,8.3,743,100695.02,0
28,234085.98,2,1,3.3,774,156259.74,0
41,88381.66,1,1,7.0,617,132250.29,0
43,250000.0,1,1,3.8,598,140087.74,1
32,57235.26,2,1,6.7,734,82288.18,0
40,16819.52,2,1,7.0,747,185432.43,0
46,157076.8,1,0,8.1,561,131738.51,1
46,150575.92,1,1,3.8,638,91689.73,1
56,41707.36,2,1,7.5,645,101320.63,0
53,45436.87,3,1,0.3,588,84629.26,0
30,176007.57,2,1,8.2,681,92140.75,0
57,133213.37,1,1,4.9,594,88251.38,0
35,81917.56,2,1,5.0,607,106857.89,0
50,142532.22,1,0,0.0,642,196920.06,1
41,124251.98,3,1,4.0,531,52324.43,1
36,49645.57,1,1,8.4,485,150485.89,0
22,184749.79,1,0,3.9,723,76256.61,0
38,161754.1,1,1,6.8,591,159358.77,1
24,103911.94,1,1,5.1,821,77459.81,0
50,176083.73,1,0,7.7,808,108369.73,1
55,250000.0,2,0,5.5,609,83791.35,0
32,44974.18,2,1,2.7,837,41307.46,1
43,84705.25,2,1,5.1,725,196831.74,0
33,87855.13,1,1,9.0,598,58884.07,0
34,173541.36,1,1,6.2,443,93462.19,1
48,63819.9,2,1,4.7,705,56048.64,0
40,167170.2,1,0,10.0,653,49311.58,0
57,69896.36,1,0,7.9,685,82071.17,1
35,40583.65,3,0,7.0,632,68905.06,0
50,108341.29,3,1,5.8,558,53188.54,1
41,68715.12,1,1,6.8,616,88576.36,0
48,116069.17,2,1,6.9,707,46198.7,0
36,135967.38,2,1,0.0,622,95227.89,0
40,24946.99,1,1,6.0,621,84988.22,0
39,75000.62,2,0,4.6,528,29477.49,0
32,108404.78,1,1,3.8,657,71122.96,0
47,176580.43,1,1,4.5,561,111118.16,0
47,162547.85,4,1,1.1,723,55768.77,0
46,53226.4,2,0,0.5,591,113308.72,1
55,91080.67,1,1,8.1,626,109345.8,1
54,140812.03,1,0,6.2,823,56930.72,0
36,86490.74,3,0,0.0,625,89503.94,1
44,57556.98,1,1,3.6,615,130458.56,1
34,99436.09,3,1,7.2,697,60668.2,0
40,131910.19,3,1,4.3,507,82039.01,0
34,49062.0,1,1,8.1,750,151020.75,0
56,151219.5,2,1,7.6,730,61183.36,1
44,112954.2,2,1,1.6,692,110656.51,0
38,154907.77,2,0,4.6,380,55377.52,1
52,97847.57,1,0,3.9,629,83711.54,0
18,250000.0,1,1,1.5,548,110039.2,1
20,130172.86,1,1,1.4,740,30501.4,1
48,166687.94,2,1,3.0,734,70764.98,0
41,150809.94,2,1,3.4,681,109181.22,0
43,90212.29,2,0,5.7,554,99627.63,0
27,122307.3,2,1,7.6,770,71146.38,0
40,65003.99,1,0,6.3,629,54748.38,1
60,250000.0,1,1,6.9,794,119416.68,1
48,140091.39,2,0,4.3,671,77845.54,1
42,54836.51,2,1,6.5,691,115032.64,0
36,240014.41,2,1,4.6,613,106794.89,0
36,93604.31,1,0,3.9,763,73587.23,1
19,182302.47,1,1,9.7,699,145833.05,1
43,24287.44,3,1,0.0,765,68881.3,1
48,212505.1,1,0,0.3,664,153778.61,1
24,136228.06,1,1,6.0,646,163104.53,0
33,51324.03,2,1,4.3,698,144367.38,0
28,134624.33,2,1,1.4,765,82976.48,0
30,250000.0,3,1,2.4,731,250000.0,0
41,66521.0,3,1,2.7,661,96364.67,0
19,65832.05,2,0,7.2,501,100311.98,0
46,89218.71,1,1,8.0,715,89110.94,0
48,107688.77,2,1,9.1,535,54131.42,0
37,190136.73,3,1,1.0,653,161191.42,0
18,141364.1,1,1,1.6,641,69562.67,1
30,89162.38,3,0,1.4,537,136133.31,0
52,125936.66,2,1,8.2,680,151655.06,0
18,250000.0,1,1,6.0,822,118073.14,1
37,157941.03,2,1,5.2,625,65918.79,0
28,96197.87,2,0,5.6,711,77194.21,0
48,87264.22,1,1,4.9,838,26980.8,0
33,120892.28,1,1,2.2,719,85404.54,1
44,188627.66,2,0,6.3,598,129157.07,1
46,59416.42,1,1,4.5,669,80877.23,0
58,172182.39,1,1,2.0,688,69011.53,0
38,94819.25,2,0,6.4,765,78714.2,0
44,105057.61,2,0,3.9,747,155512.23,0
25,250000.0,2,1,5.6,428,87824.9,0
52,160939.87,3,0,4.7,582,207653.73,0
32,70369.88,3,1,7.2,644,69614.97,0
34,135962.86,1,0,5.6,569,99242.26,1
40,194758.24,1,1,2.8,354,74052.83,1
24,162101.19,2,1,5.8,592,228909.92,0
42,13864.51,1,1,5.9,650,97580.44,0
50,102018.14,2,0,6.3,608,234497.27,1
43,139972.83,2,0,7.6,570,74496.51,0
24,132510.13,1,1,3.5,653,178970.38,0
39,74734.61,2,1,6.7,677,94908.3,0
47,163925.81,2,1,0.7,613,131145.15,1
21,213089.61,3,1,4.7,760,51984.2,1
29,25720.86,1,0,4.3,655,105277.1,0
49,23458.88,3,1,8.6,580,55629.05,0
43,135157.97,1,0,4.6,560,101038.64,1
44,172835.22,2,0,6.5,633,45446.42,0
59,66738.83,3,1,0.6,739,86269.17,0
45,14796.61,1,1,4.1,584,147353.59,0
47,103222.61,1,0,2.9,698,115146.92,1
67,133849.91,2,0,10.0,658,51652.17,1
38,84056.29,2,0,3.3,809,38303.29,1
32,197871.65,1,1,5.2,681,112554.18,0
44,128429.1,2,1,5.3,594,183341.24,1
44,61331.84,2,0,1.0,709,58325.18,0
35,66341.13,1,1,3.7,712,231282.87,1
30,104804.57,2,0,6.0,618,89737.41,1
63,79930.01,1,0,5.2,557,37277.79,1
43,22006.3,1,1,0.0,693,44585.71,0
33,121067.52,2,1,3.6,655,127266.94,0
49,67685.09,1,1,7.6,529,95403.5,1
39,76693.69,3,0,6.5,670,175354.41,1
37,44636.53,2,1,8.0,599,52491.62,0
46,250000.0,2,1,2.5,529,94929.29,0
27,154748.9,1,0,8.2,622,90274.24,0
44,250000.0,1,0,4.9,753,84390.36,1
59,83748.75,2,1,9.0,747,75765.0,0
45,160566.23,2,0,5.0,726,76446.79,1
36,122513.82,2,1,0.0,672,97358.52,0
35,63213.84,1,0,7.1,698,103128.02,1
36,83122.49,1,0,3.9,658,100833.18,1
37,154560.19,1,1,4.1,562,154857.3,1
36,44582.66,2,1,1.4,578,52417.18,1
49,199129.04,1,1,9.1,601,39827.28,0
23,115712.45,2,0,3.7,762,142229.78,1
49,182589.48,1,0,8.9,736,58863.63,0
36,134206.14,1,1,3.9,564,75871.84,1
44,25916.09,2,0,2.7,654,68331.09,0
29,102073.35,2,1,8.3,618,67675.83,0
53,201895.25,3,0,4.8,638,46692.84,0
52,114541.69,1,0,4.8,607,69652.76,1
50,103930.54,2,1,1.8,762,120543.26,0
25,114464.64,1,1,3.9,648,89840.92,1
48,20311.35,2,0,6.1,667,112937.87,0
44,215273.04,2,0,1.8,668,71993.28,0
24,10906.66,1,1,3.7,568,135110.15,0
40,243957.59,2,0,3.9,659,71596.55,1
44,79423.49,1,1,5.2,735,34846.72,1
46,140538.69,1,1,8.7,768,103781.77,0
42,18546.87,1,0,4.3,558,127120.16,1
43,171622.29,1,1,3.3,529,69975.99,1
55,153054.02,3,0,10.0,655,154385.46,0
52,146977.48,2,1,3.9,739,61374.73,0
18,17671.89,2,1,4.5,679,121709.46,1
37,56696.72,3,1,4.1,704,197346.06,0
38,134682.05,2,1,4.3,541,91499.97,0
22,211567.93,1,1,5.2,604,81279.37,1
41,50074.69,1,0,7.3,474,85820.46,1
52,51226.64,1,1,6.0,639,187268.35,0
29,128795.55,3,0,7.7,477,107884.57,1
43,250000.0,3,1,7.6,757,236205.19,0
31,64093.59,2,1,5.5,774,102051.01,0
33,78709.65,1,0,5.9,661,67060.9,0
55,70240.52,1,1,7.8,529,69215.97,0
35,94978.0,3,1,2.2,680,92530.0,0
45,222291.53,1,0,10.0,799,35917.14,1
21,98636.63,2,0,3.7,688,72679.85,0
59,250000.0,1,1,4.1,745,73409.3,1
46,111692.83,1,1,2.0,611,100254.81,0
38,235975.56,2,0,2.0,580,215643.78,0
46,83140.66,3,1,7.4,644,92247.68,0
26,36926.83,2,0,10.0,496,37887.19,0
52,98520.42,2,1,3.6,831,59653.4,0
37,148440.01,1,1,5.9,661,101274.96,1
38,57103.72,3,0,5.6,719,93846.2,0
35,212726.62,2,0,7.5,613,186945.04,1
34,72874.33,2,1,10.0,527,138634.98,0
47,44651.96,2,1,8.8,764,136778.34,0
43,250000.0,1,0,4.4,560,81622.08,1
47,54717.16,1,1,6.3,678,147586.45,1
40,71243.37,2,0,6.6,685,60138.14,0
45,164869.15,2,1,4.9,656,139148.56,0
36,81031.15,1,1,2.3,587,79259.02,0
62,46036.08,1,0,3.0,638,46909.14,1
24,65940.78,4,0,7.9,574,117538.53,1
53,250000.0,2,1,8.1,715,168798.26,0
54,151965.17,2,0,4.5,696,74951.32,0
31,172188.18,1,1,5.7,648,181826.41,1
62,124539.52,3,1,8.0,605,42718.68,0
50,139264.98,3,1,0.7,819,52523.08,0
50,76512.91,2,0,3.9,546,84249.53,0
40,114052.27,1,1,10.0,526,76169.87,0
38,16058.45,2,1,5.7,643,66659.64,0
38,193632.44,2,0,2.2,629,95580.1,1
44,75986.79,2,1,5.3,738,70947.77,0
54,39829.04,3,1,7.6,702,76575.03,0
42,118632.5,2,1,0.0,652,102013.07,0
31,90074.71,1,0,5.4,690,66647.54,0
48,189197.09,2,0,4.1,689,85807.08,1
49,100084.4,2,0,0.9,818,67310.56,0
47,64829.14,1,1,5.2,670,52314.86,1
47,101820.56,1,1,4.7,596,126909.68,0
37,250000.0,2,0,4.9,666,194089.07,1
31,193268.18,1,1,4.1,441,145309.66,1
31,151703.06,2,1,2.4,647,104489.01,1
24,198696.73,1,1,1.4,737,67432.15,1
42,159521.14,1,1,3.3,698,79098.68,0
39,51528.43,1,1,7.1,674,144816.76,0
36,173100.42,2,0,5.6,702,32237.83,1
18,213981.93,2,1,4.8,738,76427.5,1
28,221712.05,1,1,2.4,764,125231.23,0
51,42794.72,1,1,4.1,686,53924.42,0
33,71402.72,1,1,6.8,625,108889.59,0
44,63446.67,2,1,6.3,465,106639.59,0
26,82544.49,4,0,3.8,728,46775.52,1
54,141326.49,2,1,0.0,691,93592.46,1
39,116568.66,1,0,3.3,662,68166.91,1
43,116592.47,2,1,3.8,595,108532.98,0
63,33414.2,1,1,2.7,727,121658.09,0
55,69368.44,1,0,4.0,629,107698.13,1
37,232174.76,1,0,7.0,647,92988.54,1
34,213391.82,1,0,4.9,646,102493.74,0
37,98883.56,1,0,7.5,686,53015.29,1
45,173409.0,2,0,1.2,558,88763.13,0
39,132889.93,1,1,4.2,695,62890.32,0
36,185920.05,2,1,0.2,592,143165.62,0
55,178378.8,3,1,3.9,595,122396.63,1
39,104608.07,2,0,2.4,721,122240.48,0
63,152324.07,2,1,8.2,570,194587.29,0
41,138833.15,2,1,6.0,721,77580.79,1
58,106577.56,1,1,7.5,658,70298.91,0
44,90958.77,1,1,3.9,518,76760.37,0
50,250000.0,2,1,2.5,759,43763.64,1
33,106671.13,2,1,2.4,675,45340.35,0
31,166481.4,2,1,5.7,682,119021.72,0
45,250000.0,2,0,9.5,731,48038.2,1
50,152156.46,2,1,6.0,770,55484.24,1
40,147675.15,2,1,4.1,666,85973.21,0
27,107107.44,2,1,4.5,699,74761.81,0
26,140507.95,3,1,4.9,680,134068.82,1
26,85501.24,2,1,10.0,623,92482.3,0
22,250000.0,4,1,8.1,523,62834.15,0
41,34127.43,3,1,5.6,667,139357.77,0
51,95099.08,2,0,5.3,760,124931.53,1
40,153813.09,1,1,5.7,697,47696.93,0
18,147762.96,1,1,6.2,565,100819.29,1
38,85393.13,2,1,4.0,738,65236.89,1
38,23705.74,1,1,2.9,625,64467.59,0
61,39345.57,1,1,7.6,483,208740.38,1
25,122229.36,2,1,5.1,731,95176.38,0
36,17190.42,3,1,7.4,574,81607.19,0
57,161002.47,2,1,9.1,792,93507.13,1
44,224923.69,2,0,6.3,742,133382.08,0
46,179972.76,1,1,5.9,632,65633.59,1
41,203376.69,1,1,10.0,687,70875.67,0
43,17919.39,2,1,5.5,844,120942.09,0
48,87899.57,1,1,2.3,730,45487.36,0
32,48266.98,2,0,4.3,669,140563.17,0
49,27759.45,4,1,8.9,850,43705.71,0
26,74882.21,2,1,1.8,659,80577.11,0
43,250000.0,2,0,3.1,697,43830.72,0
42,250000.0,2,1,7.8,575,55952.13,0
34,53611.49,2,1,4.3,516,161379.67,0
40,112033.21,1,1,4.7,627,144000.35,0
34,139177.9,2,0,7.7,653,151094.38,0
29,88367.4,1,1,3.2,676,46888.15,1
36,235212.41,2,0,1.3,536,56083.09,0
29,75753.4,1,1,1.5,703,104873.23,0
43,66423.2,2,0,6.5,584,124176.33,1
28,55973.12,2,1,5.6,699,62804.61,0
47,87911.29,1,1,3.3,725,69358.94,0
28,6339.13,2,1,2.1,618,54092.92,0
34,91012.97,1,1,4.3,573,189809.33,0
34,116873.96,1,1,7.8,773,72680.97,0
53,122032.17,1,0,2.9,720,91276.3,0
43,45833.0,1,0,3.3,662,93452.17,1
38,120426.67,4,0,2.0,767,148018.74,1
45,118702.71,4,0,4.1,657,58627.26,1
19,120529.0,2,1,5.8,600,152250.48,0
40,182243.54,2,0,10.0,570,50621.95,1
60,44215.46,2,1,5.5,641,152076.52,0
41,89145.22,3,0,4.9,712,41592.71,0
41,22142.95,2,1,7.2,761,85863.57,0
45,171372.97,1,1,6.7,652,187027.64,0
49,50296.71,2,1,3.6,747,123171.16,0
20,200666.11,4,0,10.0,633,108784.48,1
23,205227.33,1,0,4.9,587,56149.79,1
42,95632.32,1,0,5.6,545,64660.41,1
33,92031.68,1,1,6.4,610,164809.09,0
53,31427.6,1,1,5.9,549,111314.82,0
37,109501.74,2,0,8.8,811,134346.44,1
21,181213.18,1,0,3.5,685,93038.83,1
27,130983.31,3,1,7.0,642,79283.54,0
18,250000.0,2,1,5.4,788,127078.8,0
38,81624.68,1,0,7.5,546,101141.3,0
38,81544.41,2,0,4.5,639,83373.26,0
36,53169.38,2,1,4.1,810,47632.08,0
51,250000.0,2,0,6.8,638,138250.66,0
52,31155.86,2,0,5.9,846,109707.91,0
38,172775.37,2,1,2.9,713,68510.82,0
19,183655.89,1,1,8.4,754,153005.43,0
46,178586.55,1,1,6.8,757,100436.46,0
46,56874.13,1,0,4.8,650,101325.61,1
43,95593.09,1,1,3.8,611,133962.87,0
50,156774.07,2,0,5.9,641,121598.87,1
28,67377.48,1,1,6.7,571,102715.52,0
60,86075.64,2,1,1.0,645,82677.41,0
30,68297.41,1,0,5.9,650,219742.97,0
47,114797.62,2,0,6.6,785,64689.53,1
23,109583.36,2,1,0.0,697,125901.14,0
31,250000.0,3,1,5.5,839,86666.99,0
55,159060.58,3,1,6.7,477,110435.41,1
37,38111.83,1,1,6.5,553,156781.04,0
48,40858.02,2,1,7.0,622,78225.79,0
42,174791.93,1,1,4.2,769,117994.27,0
39,108756.95,2,1,2.4,641,101424.07,0
54,250000.0,2,0,0.5,533,67439.03,1
38,250000.0,1,0,7.7,630,158531.64,0
22,52919.84,1,0,6.8,554,123945.78,0
32,132353.23,1,1,7.9,539,74014.59,0
46,41302.62,2,1,3.2,810,147883.81,0
44,172859.32,2,1,7.0,622,61909.33,1
24,250000.0,1,0,1.2,664,88835.76,0
33,120003.15,1,1,2.8,643,74192.19,0
34,79492.26,1,1,5.3,630,126204.05,0
36,141671.57,2,1,6.7,583,72526.51,1
26,196598.28,1,0,9.2,625,126611.97,1
34,197457.16,1,1,4.4,677,117603.26,0
33,80155.72,3,1,2.8,763,76016.28,0
48,66076.95,1,0,2.7,726,205035.39,1
48,127542.67,2,1,3.3,552,64357.54,0
39,84194.26,2,1,10.0,729,47739.22,0
36,235267.06,1,1,6.9,688,132297.65,1
41,83448.04,2,0,7.8,600,34211.99,0
32,114022.85,1,0,4.4,665,176113.25,0
29,139297.48,1,1,5.0,696,94216.84,1
31,32211.6,4,0,6.7,654,47354.71,1
34,70471.66,3,0,3.7,688,58732.94,0
28,250000.0,2,1,4.3,581,43140.83,1
42,191231.29,1,1,3.3,809,106922.79,0
47,82619.73,1,1,3.9,496,49535.93,0
24,173326.1,1,0,5.1,696,112815.05,0
40,232792.44,3,1,2.9,679,78463.91,0
38,92377.05,2,0,5.7,701,72667.61,1
43,185329.33,2,1,5.7,593,113184.06,0
40,168504.27,3,0,4.6,744,119150.78,1
25,41893.59,1,1,2.9,641,150719.57,1
27,92749.11,2,0,5.3,555,67667.73,1
40,250000.0,1,1,3.7,562,88800.78,0
50,250000.0,1,1,5.1,660,67620.59,0
18,192254.8,3,1,7.7,522,96849.09,0
43,68649.2,3,1,1.9,794,63407.32,0
52,12625.21,1,1,10.0,734,74363.57,1
38,61605.49,1,0,4.8,796,74534.3,1
46,37075.11,2,1,6.0,788,102701.02,0
33,250000.0,1,1,3.1,622,90119.76,0
39,21603.31,2,1,7.9,580,113029.11,0
24,42905.35,2,1,4.7,436,85769.31,1
18,125743.46,1,1,4.0,618,69333.0,0
49,108217.25,1,1,3.6,791,98090.15,1
30,250000.0,1,1,4.3,584,59565.52,1
35,161673.65,3,0,6.0,633,116271.82,1
26,97729.21,1,1,5.4,606,79150.44,1
26,238036.2,2,0,4.9,680,98676.16,0
38,80869.58,1,0,3.2,753,99367.04,1
33,250000.0,2,0,3.1,527,185027.63,0
44,55104.04,1,1,3.8,542,106860.3,1
45,105429.63,1,0,6.2,769,93014.76,1
43,14972.61,2,1,6.7,709,65906.88,0
42,198763.7,2,0,7.0,629,129138.18,1
56,120869.35,1,1,5.0,787,79695.82,0
29,250000.0,1,0,6.0,541,45301.66,1
39,90304.18,3,0,4.6,724,82435.81,1
51,31772.26,1,0,0.6,645,98099.28,1
53,148089.25,1,1,4.5,699,62270.15,0
26,72087.98,1,0,4.1,459,85338.74,1
37,180526.29,1,1,2.4,629,87151.01,1
54,56058.06,2,0,3.6,709,87763.98,1
45,250000.0,2,1,5.3,645,156867.03,0
42,113966.03,2,0,2.2,750,49879.43,0
38,98004.6,2,1,3.2,748,224757.22,0
36,249351.69,1,1,8.9,573,88679.95,0
43,200682.54,2,1,1.0,716,116851.6,0
37,62471.7,1,1,4.5,571,95329.18,0
40,196924.99,1,1,2.1,654,41392.47,0
41,171141.69,2,0,3.1,702,55943.92,1
33,102039.17,1,0,4.5,583,71085.65,1
45,186688.15,1,0,2.5,713,140749.76,1
69,250000.0,1,0,6.4,610,48272.65,1
22,104215.49,2,1,8.4,604,61235.55,0
43,104470.4,1,1,7.1,707,96930.34,0
32,100427.06,2,1,7.6,583,111340.72,0
46,60478.04,2,1,1.6,579,109841.02,0
40,103441.6,2,1,4.4,733,57801.07,0
48,95345.14,1,0,6.2,659,43847.32,1
52,91347.21,2,1,7.2,534,114707.63,1
42,90343.4,1,0,9.4,718,171522.67,1
51,42805.92,3,1,7.7,617,77047.64,0
18,213854.59,2,0,7.2,538,53769.2,1
56,70384.83,1,1,10.0,449,74170.28,1
44,250000.0,2,0,5.2,722,107462.06,0
51,50978.47,2,1,4.3,581,81036.14,0
28,250000.0,1,1,5.4,550,169532.87,0
32,83840.55,1,1,2.7,701,136462.04,1
41,198485.24,2,1,5.2,714,97784.08,0
40,120054.91,2,1,0.7,587,37351.17,0
43,37830.28,3,1,3.7,723,65910.06,0
51,39630.77,1,1,4.7,814,70330.08,0
22,65899.86,2,0,7.4,758,64317.55,1
50,80319.85,2,1,7.8,745,98069.78,0
40,106589.63,2,1,2.6,675,98984.04,0
38,138377.33,2,0,10.0,615,42371.5,0
25,96829.2,1,1,5.4,646,129266.84,1
45,133362.95,2,0,5.6,685,90655.38,0
18,148519.26,1,1,1.0,549,105715.16,1
46,93721.4,1,1,3.4,588,125836.26,0
25,169294.99,2,1,7.6,536,63731.14,0
41,194738.7,1,1,5.4,669,158589.2,0
39,151088.85,1,1,5.3,657,84436.74,0
52,156902.05,1,0,5.6,598,177763.84,1
38,125334.11,2,1,1.4,716,60192.04,0
33,225961.43,3,0,4.8,566,171918.52,1
35,108347.32,1,1,8.5,595,59920.39,0
53,66835.36,1,1,7.7,712,250000.0,1
45,110638.76,2,0,4.7,724,58643.95,0
36,38414.89,1,0,8.9,586,144788.45,0
38,34423.62,4,1,1.9,669,76457.29,1
24,195345.67,2,1,2.6,588,124159.84,0
44,250000.0,1,1,9.7,634,88373.61,0
22,85799.91,2,1,6.4,662,55078.31,0
48,196562.95,1,0,4.3,695,25565.3,0
41,19029.23,2,1,4.9,675,250000.0,0
64,151408.45,1,0,3.0,672,93006.61,1
29,108658.03,2,1,5.7,564,23932.11,0
39,250000.0,2,1,5.5,681,103129.3,0
58,98080.23,3,1,5.0,694,122746.8,0
52,47891.15,3,1,2.1,705,65236.77,0
33,30235.92,1,1,5.7,592,65434.53,0
42,110578.16,2,0,3.7,723,89199.98,0
40,125161.72,2,0,2.5,545,154621.02,1
43,93797.62,1,0,8.2,616,94140.82,0
33,199423.47,1,1,10.0,628,173861.86,0
39,250000.0,1,0,9.9,549,149733.69,1
24,85107.64,1,0,6.6,627,81195.23,1
41,22715.33,3,0,4.3,668,44392.65,1
45,133891.36,1,1,4.8,504,81272.51,0
38,228869.37,2,1,6.0,618,114060.24,0
24,85388.87,3,0,3.9,510,92458.67,0
50,156883.88,1,1,8.3,813,119737.38,1
44,44995.73,2,1,0.0,667,132734.2,0
33,131686.45,1,1,4.3,660,114285.08,1
37,158803.18,1,1,7.0,669,79512.31,0
25,134221.18,1,1,2.9,698,113722.04,1
30,250000.0,1,0,4.4,728,246109.75,1
35,250000.0,1,0,6.5,525,46033.25,1
52,176041.73,1,1,8.8,755,112066.12,0
34,215208.3,1,1,1.8,750,205246.39,0
46,131060.92,1,0,1.6,645,53050.49,0
35,105296.78,2,1,2.6,641,141217.99,0
42,78772.29,1,1,1.2,402,149969.57,0
39,44183.11,2,1,1.3,550,46304.03,0
49,250000.0,3,1,2.6,692,124011.27,1
35,250000.0,2,0,8.1,746,79656.01,0
24,112451.34,2,1,4.2,708,87584.94,0
26,113815.8,2,0,5.1,644,77756.34,1
35,163217.55,2,1,2.6,804,162474.29,0
28,98402.21,3,0,6.6,730,85571.75,0
44,49040.37,3,0,9.7,618,73062.74,1
35,37414.59,1,1,2.8,825,73621.76,1
64,250000.0,2,1,9.3,562,77197.28,0
23,26013.62,2,1,5.9,532,55368.93,0
42,137704.28,1,0,5.0,616,72773.32,1
29,29326.15,2,0,6.0,589,94894.05,1
35,101915.79,2,1,6.0,621,107962.22,0
41,84789.38,2,1,9.6,714,154721.58,0
18,33853.5,1,0,6.3,647,100308.47,1
42,167003.74,1,0,6.4,649,72696.87,0
59,46220.02,1,1,3.9,655,57102.14,1
35,29911.0,2,1,7.1,465,102753.07,1
43,179272.06,3,1,2.6,529,85369.84,0
50,85067.1,3,0,5.3,619,86649.12,0
38,61246.62,1,1,10.0,583,101285.98,0
34,186538.06,1,0,0.0,631,113696.74,1
18,44265.69,2,1,5.6,762,101614.93,0
46,23334.06,2,1,5.7,644,83352.33,0
39,242567.98,2,1,4.4,544,62751.84,0
30,250000.0,1,0,4.5,587,68310.02,1
41,99986.73,1,1,5.2,787,131831.76,1
34,4325.14,2,0,4.4,773,74380.65,1
35,99029.43,2,1,5.6,698,49111.36,0
46,193556.43,1,0,3.8,525,151656.53,1
27,227150.39,3,0,10.0,675,58894.01,0
50,48596.35,2,0,4.4,681,91438.89,1
26,88171.06,3,1,6.4,652,112261.73,0
33,130448.49,1,0,3.3,604,90130.44,1
59,186305.78,1,1,7.3,621,29507.59,1
51,173524.86,3,1,6.8,599,107289.34,0
41,155534.31,3,0,6.0,558,163484.49,1
31,226772.1,3,0,2.4,759,128220.21,1
35,105185.27,2,1,3.1,721,34605.49,0
41,250000.0,1,0,9.2,627,234409.51,1
40,72217.07,1,1,3.1,678,49559.62,0
39,175323.73,1,0,6.6,681,55396.75,1
40,80329.42,3,0,2.6,837,127951.92,1
38,101044.02,1,0,7.5,720,110342.41,0
26,112671.95,2,0,3.3,717,93313.1,1
35,76962.55,3,0,2.6,653,69656.56,1
49,233160.32,3,0,3.2,615,163808.03,1
26,83275.82,3,1,3.6,761,88421.31,0
38,108637.16,2,1,6.0,702,44486.78,0
32,161969.4,2,0,5.2,584,156701.8,1
41,250000.0,4,1,2.3,686,99334.0,0
36,165913.58,1,0,4.9,717,148645.26,1
55,115467.43,1,1,2.1,482,116449.37,0
45,19592.39,3,0,6.6,576,250000.0,1
27,99122.59,2,1,7.1,679,78282.42,0
47,66955.44,2,0,4.9,496,90654.14,0
32,87314.51,1,0,5.7,509,124428.77,1
34,79082.71,2,1,9.4,628,78500.35,0
43,160893.95,3,0,4.6,689,129152.86,0
35,97615.89,2,1,2.6,693,23890.33,0
49,55096.11,1,0,6.4,777,87100.03,0
32,198861.57,2,0,2.2,657,85923.99,0
34,40420.5,3,1,4.5,620,84534.76,0
33,111792.19,3,1,3.5,545,60654.42,1
34,99635.15,1,1,3.2,619,135309.53,1
51,140443.78,2,1,4.4,707,71722.86,0
46,228296.92,1,0,7.2,710,98487.85,1
57,250000.0,1,1,7.8,671,88507.39,1
63,115414.45,1,0,7.3,694,112727.52,1
30,66116.13,2,0,5.8,752,171355.79,1
41,61280.22,2,0,4.4,656,98258.96,0
28,61057.74,1,1,0.0,759,131425.26,1
32,136976.49,1,1,5.9,592,96062.71,0
34,15261.62,1,0,0.0,644,71672.42,1
29,38335.4,1,0,0.2,612,84445.7,1
29,137063.03,2,0,4.6,713,79218.95,0
39,205323.8,1,1,5.7,569,116219.73,0
28,206114.88,1,1,3.9,624,94424.74,1
48,119242.65,4,0,8.8,501,62953.14,0
31,188411.6,1,0,6.2,698,81444.89,1
68,230862.04,3,1,4.4,750,45292.76,0
35,82350.24,2,0,8.5,723,82825.69,0
41,215926.78,2,1,8.9,715,90052.9,0
27,27702.26,2,1,6.3,717,203082.31,0
57,37400.97,1,1,3.1,706,165110.19,0
51,86048.57,2,1,3.6,699,56513.31,0
43,24442.91,2,1,1.4,704,98554.13,1
27,162649.9,1,1,4.9,598,99335.13,0
42,73418.08,2,1,2.4,634,81134.87,0
29,100397.17,2,1,4.2,656,83496.09,0
55,103083.59,3,1,5.7,623,76748.38,0
48,84453.03,2,1,0.0,525,209040.6,1
41,60751.25,1,0,1.8,551,74628.82,1
18,157471.85,3,0,3.7,668,104923.49,0
30,72238.29,3,1,4.9,722,28839.5,0
47,102108.88,2,1,3.8,651,130375.07,1
52,141402.0,1,0,4.3,850,153350.22,1
51,229634.2,2,0,3.2,576,56058.52,1
24,218078.19,2,0,1.4,686,71483.07,1
43,77211.38,1,0,3.7,753,110275.99,0
50,58269.77,3,0,4.5,735,90791.62,1
23,250000.0,2,0,4.2,702,111016.18,0
40,71936.55,2,1,5.3,736,79087.21,0
43,153258.14,2,0,6.0,654,208154.19,0
37,23178.46,1,0,6.7,783,66581.49,0
21,14812.36,3,0,3.4,753,250000.0,0
37,115334.98,2,1,1.1,582,157381.92,0
37,92381.32,2,1,8.2,676,130877.47,0
39,180106.72,1,1,6.0,526,56350.7,0
34,61318.1,1,1,2.6,772,135526.44,0
36,134235.19,2,0,5.7,668,118105.93,0
40,173814.89,1,0,7.7,758,34673.82,1
44,63278.99,3,1,9.3,641,47834.14,0
37,85975.49,3,0,5.6,501,105714.52,0
36,44020.95,2,1,7.6,850,84760.09,1
41,184378.9,1,1,2.0,660,71335.53,1
21,158831.09,2,1,4.9,570,146252.83,0
45,166813.2,1,1,4.2,742,60467.68,0
40,92105.44,2,0,5.9,813,73328.64,0
40,157021.83,2,0,9.0,634,67265.42,1
50,98147.24,3,0,5.6,642,113226.0,1
20,250000.0,1,1,2.7,669,41514.94,1
20,108915.88,1,0,1.8,561,71941.79,1
43,209999.34,4,1,9.1,595,41453.21,0
40,92481.81,2,1,6.3,793,78180.14,0
42,250000.0,3,1,6.1,639,124609.11,0
35,58149.72,3,0,4.1,583,125613.92,1
47,145923.36,2,0,5.7,614,64870.33,0
49,67513.69,1,1,2.5,736,114411.84,1
45,130302.2,2,0,6.0,492,82804.81,0
37,72204.82,2,1,2.1,670,166051.49,0
19,108612.13,3,1,4.1,847,84887.46,0
48,80343.73,1,0,3.4,812,23616.33,1
52,169756.4,2,0,0.0,696,134614.63,1
46,150053.83,1,0,4.1,755,73201.44,1
31,65682.12,2,0,2.8,755,79552.7,0
47,64233.48,2,1,4.5,640,104687.03,1
49,54191.47,3,0,5.0,724,47403.27,1
56,45864.99,1,0,9.4,793,93074.83,1
31,177370.14,1,1,5.8,549,114472.35,0
38,51738.78,1,1,5.8,696,106021.15,0
47,137849.21,1,1,6.2,679,68737.2,0
41,75258.91,1,0,7.2,658,140636.57,1
29,206082.46,3,0,6.1,651,57451.23,1
44,250000.0,1,0,5.7,669,67919.62,1
46,4025.29,1,1,6.8,675,84657.1,0
41,57564.05,2,1,0.0,739,102798.47,0
42,74327.4,1,1,10.0,688,77770.73,0
37,94437.87,1,1,9.0,636,156440.19,0
55,90263.86,3,1,5.5,583,102790.04,1
31,36932.4,1,1,1.5,612,93116.91,0
34,250000.0,1,1,8.0,671,101176.95,1
40,92687.38,2,1,3.3,594,125163.06,0
49,149605.15,1,0,6.3,726,100299.27,0
25,152702.12,1,1,1.8,684,39866.13,0
27,29827.05,1,1,10.0,741,146949.45,0
20,83800.76,1,1,1.4,599,94979.73,1
40,177363.08,3,0,5.2,584,122485.6,1
29,250000.0,1,0,0.0,741,74973.53,1
36,85118.9,1,0,4.9,660,39558.76,1
47,35129.56,1,0,3.9,634,32275.24,0
34,69596.24,3,0,7.8,706,58841.31,1
42,82423.45,1,0,3.9,703,113589.61,1
37,80119.89,3,1,7.8,550,161395.94,1
47,54239.51,1,1,2.4,761,103099.72,0
45,31816.6,3,1,4.3,617,56053.54,0
33,43659.37,1,1,4.3,786,63241.06,0
38,70060.96,1,1,6.2,543,166028.93,0
50,175424.54,2,1,5.9,675,49896.87,1
44,220628.38,1,1,6.8,635,231738.01,1
26,117144.14,2,1,5.7,492,209353.99,1
47,44728.64,2,1,6.7,703,235199.62,0
29,73170.9,2,1,2.8,496,106817.88,0
54,15595.21,1,1,6.0,627,77178.7,1
50,250000.0,2,1,9.0,738,105653.57,0
43,64672.72,1,0,0.8,608,135459.53,0
42,141241.73,4,1,6.2,578,67152.12,0
38,210723.13,2,1,6.7,714,54831.68,0
47,250000.0,2,1,8.7,630,79204.91,0
36,188268.98,3,1,6.8,618,63578.23,0
42,79745.24,2,1,5.3,752,157308.46,0
49,154255.76,2,1,6.1,557,68198.08,0
34,250000.0,1,1,3.2,613,93958.04,0
34,64192.88,2,0,4.0,719,140074.99,1
28,30345.29,1,0,1.7,551,160090.41,1
29,54590.57,1,1,8.7,792,98855.71,0
22,147393.19,2,1,6.1,633,106990.81,0
47,81290.59,1,0,2.7,720,56949.44,1
58,101508.51,2,1,5.7,720,142620.2,0
54,164351.24,1,0,7.9,638,158919.08,1
24,53602.28,1,1,7.5,612,38789.55,0
47,97933.18,2,1,2.7,647,198966.27,1
54,72198.75,1,1,0.0,707,65661.51,1
35,250000.0,2,0,6.0,571,117612.29,0
41,184427.01,2,0,2.8,554,93196.71,1
20,81712.6,3,0,6.6,769,87587.7,0
43,78307.56,1,1,7.4,591,82012.9,0
29,250000.0,2,0,7.8,678,57578.9,0
42,250000.0,1,1,9.4,634,113924.08,0
24,146735.55,1,1,8.1,637,79129.8,0
45,104918.53,1,0,9.4,764,49927.38,1
50,37542.71,1,0,8.4,643,56489.66,1
32,54988.37,2,1,8.7,621,50310.25,0
29,35035.72,1,1,4.9,628,71075.59,0
18,216198.57,1,1,1.8,610,111955.82,1
37,38067.85,2,1,10.0,596,65353.21,0
34,77550.87,2,1,5.2,610,139596.81,0
24,19021.88,1,0,8.1,783,85299.04,1
45,27562.59,1,1,3.6,707,79010.24,0
36,169379.09,1,0,7.4,622,90681.57,1
29,131781.59,2,1,0.0,729,168616.92,0
34,107642.03,3,1,4.0,523,48555.49,1
51,78643.27,2,1,4.8,760,189648.96,0
46,24238.25,2,1,6.2,754,138640.15,0
39,70820.26,1,1,7.7,829,89127.17,0
46,93685.76,3,0,2.3,731,153265.43,0
28,161794.61,1,0,6.6,685,77843.23,1
40,208516.29,1,1,8.1,753,102346.58,0
41,172920.92,1,1,10.0,600,70539.52,0
35,131237.8,1,0,6.8,618,139034.69,0
44,106468.05,2,1,3.9,645,65466.9,0
32,122415.33,1,0,1.8,760,87943.47,1
45,67191.27,1,0,9.6,582,122171.05,1
46,113069.14,1,0,6.8,573,144242.37,0
18,93291.95,3,1,4.9,669,62195.95,0
52,250000.0,2,0,1.0,707,126307.81,0
18,124585.81,3,1,2.7,594,57853.64,1
34,14196.55,3,1,6.6,704,34197.78,0
50,75490.25,3,0,5.9,759,64275.66,0
37,85893.7,1,1,0.1,746,131027.43,1
25,188524.46,1,0,6.6,678,89506.57,1
29,135719.71,1,1,1.1,643,70743.49,1
50,131056.57,1,1,8.4,789,92275.15,0
21,245619.33,2,0,5.5,651,90911.77,1
51,250000.0,1,0,3.8,725,119064.34,1
39,169213.23,1,1,7.5,807,43577.47,1
28,79955.48,2,0,5.9,717,85948.72,1
34,81786.48,1,1,8.3,570,95176.63,0
30,225637.97,1,0,5.2,551,48686.08,1
49,81599.27,1,0,5.3,626,48386.58,1
47,101355.14,2,0,4.3,707,76377.71,1
23,74254.79,1,1,5.7,686,90345.9,0
36,44063.13,1,1,9.2,827,90489.19,0
31,250000.0,1,0,3.7,685,70067.06,1
53,101852.48,2,1,6.6,624,68786.61,0
26,250000.0,1,1,2.8,559,75337.67,0
56,82434.52,1,0,0.0,744,102939.81,1
40,64643.59,3,0,5.5,650,157573.04,1
28,159778.45,3,0,5.9,530,33136.36,0
33,207936.05,1,0,4.7,652,119123.48,1
32,216682.33,1,0,1.3,570,85609.09,1
27,92768.36,1,1,5.8,616,114021.23,1
41,170994.51,2,0,5.7,650,153439.17,0
28,70280.99,1,0,2.8,578,64071.71,1
18,112048.04,3,0,1.6,611,137654.48,0
36,86281.23,2,1,4.4,590,51187.25,0
22,76780.2,2,1,6.6,593,95319.02,0
32,115360.5,1,1,6.0,569,80695.04,0
31,43066.94,3,0,2.8,611,91893.97,1
31,196946.87,2,1,5.3,578,57670.41,0
60,77019.19,2,0,7.2,697,109552.87,0
41,190897.0,1,0,2.1,666,183761.54,1
42,51114.78,2,1,5.2,746,58117.92,0
22,76814.42,2,1,8.3,801,98017.9,0
33,42941.58,3,1,1.8,704,132284.19,0
42,41557.9,2,1,7.9,686,78749.85,0
30,56843.0,2,1,9.0,709,165999.78,0
49,51773.64,1,1,4.4,687,74176.69,0
28,43253.9,2,0,4.1,654,85411.18,1
37,106689.57,3,1,7.6,648,57563.59,0
34,157699.43,2,1,4.5,568,95275.75,0
42,163227.21,1,1,0.0,717,90122.51,0
34,22444.24,1,0,4.8,647,119816.96,1
37,85874.22,2,1,6.2,766,67593.85,0
38,79636.96,3,1,6.9,723,66215.31,1
33,248428.64,1,0,2.8,600,110822.64,1
45,88344.74,1,1,4.3,750,168771.44,0
42,100415.11,3,1,7.4,445,119445.99,0
39,31010.82,2,1,4.9,804,206674.52,1
36,55640.07,1,0,1.2,543,115549.39,1
48,29259.53,1,0,8.1,690,113691.82,0
38,111596.64,1,1,4.5,684,122179.52,1
37,250000.0,1,0,7.7,740,175824.53,0
41,57213.76,2,0,1.5,624,157073.87,1
57,88868.3,2,0,4.7,478,55235.98,0
27,52040.88,2,0,6.3,624,129033.43,1
48,66021.33,2,0,4.8,632,101414.91,1
21,113249.86,1,1,2.0,486,82474.89,1
42,250000.0,1,1,0.0,654,40527.94,0
56,245536.74,1,0,8.8,564,45003.36,1
45,250000.0,1,1,5.6,702,76386.0,0
42,192010.78,2,1,7.9,630,46560.08,0
34,88003.95,1,0,7.3,807,77101.22,0
40,79315.08,2,0,6.5,630,124121.79,1
37,57492.5,1,0,4.2,684,69295.46,1
32,7903.4,1,0,6.2,633,93444.52,0
37,86974.44,1,1,8.6,520,55608.23,1
42,250000.0,2,0,5.2,634,102951.19,1
32,250000.0,2,0,9.8,710,113122.42,0
32,250000.0,2,1,1.3,698,47441.11,1
26,119203.06,1,1,1.0,627,64165.19,1
44,37508.79,2,0,7.5,533,50885.76,0
45,150803.09,2,1,3.0,702,113177.38,0
42,250000.0,1,1,10.0,684,96893.52,0
50,250000.0,1,1,8.3,717,88009.02,1
41,72606.6,1,1,9.0,628,84951.71,0
44,40697.41,1,1,7.2,515,104072.28,0
43,39712.81,3,0,2.7,693,105013.91,0
39,60472.03,1,0,0.9,649,72009.63,0
35,67892.93,2,0,8.7,761,67612.38,0
62,83203.63,2,1,1.3,652,87642.13,1
35,164372.08,1,1,9.0,646,82634.64,0
33,81083.23,2,1,6.7,683,227492.36,0
44,108491.55,1,0,4.8,602,75721.12,0
43,27372.66,2,0,6.1,598,102530.37,0
26,57551.8,1,1,6.2,642,110994.05,0
51,55440.3,1,0,4.5,576,169024.83,0
39,23119.08,1,1,8.6,632,62475.63,0
29,79565.16,2,1,8.5,805,164457.34,0
52,27562.41,2,0,5.4,733,84224.15,1
46,75383.0,2,1,3.5,675,250000.0,0
27,114507.83,1,0,8.3,774,105951.42,0
58,250000.0,4,1,0.0,584,51769.0,1
47,53175.69,1,0,6.1,849,82359.04,1
40,112270.52,2,1,6.8,613,164207.5,0
56,63837.1,2,1,2.9,810,93363.75,0
42,26134.16,2,1,7.4,810,87617.28,1
40,250000.0,1,0,4.9,510,124382.11,1
33,118191.28,2,1,3.6,767,77058.18,1
46,145634.31,2,0,7.4,627,81857.48,1
45,250000.0,1,1,2.3,605,58833.19,0
40,75102.09,2,1,7.2,692,195934.23,0
32,35829.38,1,1,0.0,569,51916.39,1
41,52553.06,2,0,5.7,690,97131.88,1
39,32934.93,2,1,5.1,575,111693.41,0
27,215623.59,2,1,3.7,664,89448.82,0
25,250000.0,1,1,6.0,757,51191.39,0
46,113638.35,1,1,4.8,681,57418.46,1
18,167468.46,2,1,7.6,621,113856.89,0
42,197331.29,1,1,6.4,693,63361.98,0
35,250000.0,2,1,6.1,537,35424.44,0
53,250000.0,1,0,5.7,583,107120.02,0
35,17976.07,2,1,3.8,616,60775.5,0
47,65273.14,1,0,4.2,713,119564.78,1
36,104693.23,1,1,5.6,682,82193.82,1
41,59134.89,1,0,4.6,693,80430.55,1
47,84791.91,1,0,7.8,648,92140.71,0
35,139283.82,1,1,5.2,587,53919.26,0
50,136710.59,1,1,5.9,769,62075.77,0
30,193152.8,2,1,1.5,594,80065.4,0
43,106376.55,1,0,7.4,684,53777.51,1
49,8989.7,2,1,3.5,641,124092.54,1
47,79565.41,3,1,2.4,695,78373.76,0
59,130089.35,2,1,9.1,602,46878.69,0
32,202222.09,1,1,6.7,734,69982.6,1
26,183535.22,1,0,7.4,760,94193.47,1
30,96240.17,1,0,6.1,729,73631.21,1
47,61948.18,2,0,4.8,663,107740.64,0
45,99532.03,2,0,4.3,615,116527.35,1
41,20971.66,1,0,6.9,850,250000.0,1
29,66816.71,1,1,7.8,571,151048.29,1
48,226840.27,1,0,4.8,720,43096.55,0
28,99312.06,1,0,10.0,677,76531.7,1
52,133927.58,3,0,4.5,645,79823.75,1
69,31665.69,1,0,1.5,665,116581.61,1
44,201323.68,1,1,0.7,609,59127.49,0
46,92680.78,1,0,0.8,684,70862.84,0
35,130818.65,1,0,4.0,675,51409.57,1
22,150883.0,1,1,4.4,850,68634.14,0
34,196505.57,1,0,6.7,736,69795.89,1
29,117294.17,1,1,4.9,691,78175.56,0
26,94283.31,1,1,7.1,696,52766.63,0
57,38439.38,2,1,5.1,797,140011.04,1
43,29002.61,2,0,5.0,572,111308.53,1
44,115649.0,1,0,3.6,635,46891.49,0
37,131406.65,3,1,8.6,497,91058.08,0
38,146566.79,1,1,1.2,695,44498.03,0
50,53449.21,3,1,5.8,718,164650.45,1
40,67303.68,3,1,4.5,570,186076.6,0
45,114191.08,1,1,7.0,765,87770.71,0
38,74028.83,1,1,4.9,592,61320.82,0
37,250000.0,2,0,5.0,623,66745.61,1
26,66187.01,1,1,4.3,660,73378.12,0
20,137664.31,1,1,8.5,778,85775.84,0
37,179900.91,2,0,5.0,581,166754.22,1
41,187248.07,2,1,9.9,673,138356.06,0
27,73037.72,2,0,5.7,712,139318.36,0
40,151380.95,2,1,5.1,695,97180.48,0
41,138938.91,3,1,4.6,698,53553.67,1
18,155799.31,2,1,6.4,711,63642.67,1
31,113127.94,2,1,3.5,606,92493.12,0
44,180754.17,2,0,5.4,785,52421.39,1
44,122747.66,4,0,5.0,641,103193.1,0
28,34425.14,3,0,5.8,630,129297.41,0
42,120200.64,2,1,5.9,758,115032.55,0
50,130189.05,2,0,6.0,600,112972.56,0
48,172470.03,2,1,5.2,676,38860.66,0
39,115746.49,1,1,8.9,592,163992.35,0
35,250000.0,3,0,6.1,850,44455.39,1
34,96707.67,1,1,10.0,835,84021.48,0
45,70164.94,1,1,5.1,641,118884.72,1
42,246010.58,1,1,7.4,692,105760.65,0
46,94798.66,2,1,3.2,650,50642.1,0
41,108312.53,2,0,8.5,622,54902.73,0
48,130226.81,1,1,3.2,660,102410.77,1
41,122813.51,1,0,6.1,647,113260.44,0
48,154965.42,1,1,4.3,528,54683.82,0
49,165808.69,1,1,6.1,671,107391.0,0
32,65371.95,1,0,4.4,647,45510.21,1
22,41341.47,2,0,3.0,675,119197.86,1
55,45707.27,1,1,4.3,644,60465.98,0
43,228847.62,1,1,8.9,621,93320.59,1
23,89167.84,1,0,6.2,720,86529.09,1
33,178839.65,2,0,1.8,693,151730.43,0
48,168806.59,2,1,7.7,762,100360.45,0
37,108296.35,1,1,2.8,690,68731.93,1
35,52795.88,1,0,6.9,634,105808.03,0
54,171527.97,2,1,6.4,699,236015.06,1
30,105688.98,1,1,6.5,492,125570.2,1
32,39082.72,2,0,9.6,818,87635.36,0
42,74502.77,3,1,2.9,672,61848.25,0
44,26803.67,2,1,6.5,825,68196.18,0
45,77208.93,3,1,8.1,580,122218.02,0
49,112300.15,1,1,3.4,561,60412.65,1
42,97819.56,1,1,3.1,679,90108.96,0
45,89526.2,1,1,4.3,679,171869.97,1
37,111482.92,1,1,5.8,677,96301.73,0
41,148771.33,1,1,1.5,665,55378.99,0
41,188278.69,1,0,6.4,600,239808.62,1
42,204996.45,2,1,1.5,531,198921.72,1
48,59693.74,1,1,8.2,673,112768.73,0
46,218131.67,2,1,6.3,547,159796.26,1
40,105806.58,1,1,9.8,540,79811.6,0
32,82402.06,1,1,6.7,620,124687.95,0
41,46894.72,1,1,4.2,684,74382.21,0
40,8088.08,2,1,3.0,809,48904.67,0
42,141879.07,2,1,5.6,728,250000.0,1
62,138207.44,2,1,4.9,765,47792.44,0
35,69415.03,1,0,8.0,702,102895.18,1
44,70997.58,1,0,2.7,679,102355.72,1
51,95247.31,3,0,10.0,850,113523.76,0
41,81345.8,1,1,8.2,544,86440.11,0
63,57540.72,1,0,4.5,617,86846.94,1
36,42616.96,1,1,9.5,623,95783.93,0
43,219701.26,1,1,3.0,721,111692.6,1
32,74213.99,1,0,5.5,572,89926.47,1
36,137679.45,1,0,1.8,711,87273.53,1
42,156255.78,2,1,9.6,696,49665.48,1
48,142347.96,3,0,0.9,715,222731.45,1
43,161910.91,1,1,1.4,714,114534.29,0
53,141278.39,1,1,3.4,773,98871.17,0
39,64413.37,2,1,8.3,646,67951.85,0
37,84787.21,1,1,7.4,692,57293.28,1
67,215914.41,3,0,5.3,591,132529.28,0
44,72582.16,1,1,7.5,573,83752.97,0
33,105914.06,2,1,4.7,791,119019.67,1
33,149209.69,3,0,6.1,585,48976.57,0
31,250000.0,1,0,9.1,701,180529.53,1
49,203652.06,2,0,4.4,692,135020.89,0
36,51079.69,2,0,3.1,744,86776.12,1
41,134726.03,2,0,6.2,517,111078.94,0
39,124346.66,1,0,6.9,721,125620.02,1
47,85330.36,1,1,5.3,645,49312.05,1
32,108115.45,1,0,7.5,602,191489.27,1
29,63922.32,3,1,4.5,630,111863.25,0
42,94010.82,1,1,5.3,733,65559.86,0
46,73094.42,1,1,5.9,708,54945.59,0
43,113895.1,3,1,5.7,640,140330.96,0
32,83035.57,1,1,9.0,559,98971.44,0
47,250000.0,2,0,5.9,565,111830.02,0
33,116531.01,1,1,4.2,710,91086.42,1
35,101485.53,2,1,6.3,548,57315.72,0
31,90427.28,1,1,7.5,641,113146.98,0
53,83200.34,1,0,6.9,850,82345.09,1
46,39090.91,2,1,6.8,687,89125.78,0
46,178562.01,1,1,1.3,709,250000.0,1
52,246236.29,1,0,0.0,565,133072.06,1
68,72257.67,1,1,8.2,552,136572.26,0
23,215195.11,2,1,6.1,714,250000.0,0
33,250000.0,1,1,4.9,627,107004.18,0
34,250000.0,1,1,6.7,744,94981.11,1
31,239344.34,1,0,9.8,661,66298.44,1
29,43386.31,1,1,8.5,850,73417.43,0
37,42963.28,2,1,7.4,612,35823.82,0
28,161393.44,1,0,2.8,681,128444.92,0
43,106652.19,3,0,3.1,586,50891.46,1
41,16788.81,2,1,0.0,741,135103.46,0
45,78605.02,2,0,6.6,693,88274.21,1
45,156729.81,2,1,7.8,581,95338.73,0
46,94987.09,1,1,8.0,633,88300.35,0
36,107019.59,3,0,6.7,768,167929.32,0
61,42909.42,2,1,4.6,758,155098.24,0
42,77857.5,2,1,3.6,545,88837.47,0
21,161842.7,1,0,2.9,621,60054.82,0
30,75057.16,1,0,4.6,804,136395.64,0
23,226301.7,2,0,2.6,645,58046.88,0
40,108726.01,1,0,9.4,673,44706.64,0
39,141524.16,2,1,1.7,740,112625.38,1
35,159450.08,1,0,4.5,551,155731.0,1
60,155291.37,2,1,0.2,583,75002.49,0
45,49901.04,1,0,5.7,632,107968.84,0
47,57211.35,1,1,5.0,754,74645.96,0
31,16458.67,1,1,4.1,740,124549.93,0
30,84571.49,2,1,2.7,716,147314.98,0
40,53860.0,2,0,5.0,647,79959.51,0
42,73395.34,3,1,3.6,748,56678.12,0
21,90994.04,2,1,4.7,646,46718.76,0
38,118706.63,2,0,9.9,704,136506.12,0
40,96003.79,2,0,5.4,731,53966.03,0
38,94754.44,2,1,6.3,794,106401.6,0
32,134126.86,3,1,3.8,653,127694.78,0
35,103775.39,2,0,3.0,629,71824.37,1
38,187083.68,1,1,4.9,762,83514.04,1
41,104006.34,2,1,10.0,768,141087.35,0
46,250000.0,1,0,4.3,615,62559.77,1
51,48293.51,1,1,5.9,570,59766.15,0
37,83481.93,2,1,2.9,756,80990.64,1
35,64818.27,2,1,0.0,527,159951.46,1
44,121855.45,1,1,3.0,523,185794.02,1
46,48268.07,1,1,10.0,637,86086.91,0
36,31936.79,3,0,6.5,658,65323.7,0
48,55874.9,1,1,9.1,565,145279.76,0
50,33973.36,1,0,4.1,668,42462.73,1
53,91855.99,2,0,0.0,671,100608.28,1
58,118473.81,2,0,2.2,612,88238.96,0
31,27823.93,2,1,6.0,813,161101.11,0
40,79756.93,2,0,5.6,684,168606.57,0
40,203300.93,1,1,5.0,740,58890.03,1
39,241349.6,1,0,3.7,534,97053.73,0
34,170259.37,2,1,7.3,533,69619.01,0
25,10429.44,2,0,3.7,687,78870.9,0
41,111266.14,1,1,5.8,798,118822.9,1
32,218512.57,1,0,5.5,569,77409.33,0
41,73978.35,1,1,4.1,661,98206.87,0
32,39662.13,1,1,2.8,551,138460.09,0
29,208182.74,1,1,3.9,593,177973.11,1
42,227825.73,1,1,9.7,665,102484.93,1
42,103249.26,2,0,7.8,611,94898.14,0
46,39975.06,1,0,7.6,546,54681.7,1
62,24679.38,2,0,3.0,544,183721.12,0
43,130259.81,2,0,1.4,499,112491.22,0
45,65235.61,2,0,7.7,688,95689.73,0
29,98775.88,3,0,7.3,698,93511.26,1
27,91506.61,1,1,5.3,697,105858.55,0
56,53562.87,1,1,4.1,577,127372.44,1
31,23434.2,2,0,1.3,730,134667.32,0
30,75432.61,1,1,7.2,707,185799.94,0
40,114271.77,1,1,8.0,651,100385.67,1
39,117954.12,1,1,3.3,637,198184.86,0
31,62100.81,3,1,3.1,598,144862.52,1
37,224894.18,1,1,8.1,665,87597.33,0
52,43385.66,2,0,3.4,779,42499.47,0
32,193137.96,1,1,9.4,741,93532.85,1
26,111784.47,2,0,4.7,630,181476.23,1
49,75921.88,1,1,4.0,693,63493.74,1
45,141749.81,3,0,5.1,562,93402.48,1
34,87663.62,2,0,4.0,708,96946.39,0
24,31574.34,1,1,7.8,584,137519.63,0
33,40805.88,1,1,7.2,705,75587.77,0
39,83648.06,2,1,7.7,850,60860.66,0
52,68712.58,2,0,5.5,604,116316.0,1
30,190298.95,1,1,3.9,850,64411.07,0
39,66365.46,1,1,5.0,689,39402.62,1
47,63318.07,1,1,3.9,590,206020.78,0
18,57180.54,1,1,8.7,586,136588.6,0
50,53467.99,1,1,7.5,839,210047.6,1
28,54841.53,1,0,4.8,689,133368.42,1
43,35808.26,1,1,2.7,605,122238.48,1
42,115027.1,2,0,8.9,634,106282.51,0
51,92983.99,2,1,5.3,684,82772.59,1
46,90261.45,2,1,4.7,649,113324.75,0
18,26079.48,2,0,8.9,678,70165.38,0
32,133730.66,2,0,3.7,792,55626.32,1
41,142703.47,1,0,4.2,560,77502.33,1
38,250000.0,2,1,4.4,702,160931.89,1
45,137652.04,1,1,1.7,644,51688.05,1
48,250000.0,2,0,5.8,610,52058.97,0
46,60989.54,3,1,3.1,736,117436.62,1
38,250000.0,3,0,3.6,533,74665.96,1
22,140613.46,1,1,3.2,461,111975.76,0
35,129080.12,2,1,3.5,668,140505.34,0
44,88638.02,1,0,2.9,639,110774.8,1
29,75699.97,1,0,5.6,542,67714.42,0
46,64571.15,1,0,4.6,513,160313.28,1
49,250000.0,1,0,5.1,804,125683.25,1
41,86638.66,2,1,10.0,687,91093.11,0
18,142288.79,1,0,4.6,652,89130.13,1
27,163222.0,1,0,6.5,826,106495.88,1
59,161714.14,4,1,6.8,732,78211.52,1
35,115385.9,2,1,4.8,792,43196.85,0
20,250000.0,1,0,5.7,556,126138.52,0
52,134968.31,2,1,5.1,553,122810.69,0
40,63336.13,2,0,5.5,699,31955.04,0
51,78306.18,1,1,3.5,683,113251.83,1
43,27453.51,2,0,3.8,750,198388.51,1
45,123999.31,3,0,5.0,520,54183.28,1
44,150214.81,1,0,0.1,706,87080.12,1
47,158790.19,2,0,8.7,729,82923.43,1
63,140615.22,1,1,10.0,725,189994.48,0
50,88857.31,2,0,5.4,617,149043.15,0
24,100990.81,1,0,6.7,691,60613.79,0
44,101196.39,1,0,7.7,588,104979.28,1
51,190729.32,4,0,1.7,627,250000.0,1
52,18429.77,2,0,7.3,567,67944.49,1
36,71958.86,1,0,3.9,589,89549.4,0
52,45554.95,1,1,10.0,631,113396.21,0
49,250000.0,1,1,4.5,611,68394.0,1
66,215116.6,4,1,7.3,589,198989.3,0
32,74222.33,1,1,4.6,546,72755.82,1
35,32648.43,1,1,10.0,807,48170.36,0
37,40905.04,2,1,3.7,610,71063.07,0
35,189075.45,1,1,7.9,676,120743.53,1
31,26710.53,1,1,6.6,509,62842.48,0
18,102134.08,3,1,6.0,759,103110.31,1
36,169617.11,1,0,5.6,663,115926.62,0
44,37623.1,3,0,3.3,614,52236.91,0
35,101373.09,2,0,0.0,615,69835.58,1
59,75134.89,1,0,7.7,720,105303.49,1
40,68060.23,2,0,3.8,414,123457.27,0
53,59646.22,2,1,7.9,584,70623.07,0
43,178750.56,2,1,5.9,640,96361.54,0
48,244293.69,2,1,8.0,640,79204.92,0
43,83908.69,1,1,7.0,850,124878.62,0
54,129454.52,1,1,0.0,623,113698.0,0
41,103005.57,2,1,6.5,729,76076.72,0
45,20916.89,1,0,4.1,795,111621.02,1
44,81536.01,1,1,7.9,704,74749.34,0
37,17080.12,2,1,6.5,596,110567.1,0
44,70553.78,1,0,6.5,547,111262.49,0
62,99429.03,2,0,4.3,710,250000.0,0
37,160900.86,2,0,2.7,782,77361.69,0
44,121749.17,2,0,3.9,694,84456.69,1
53,181732.02,1,0,0.5,749,67259.31,1
51,52376.08,1,1,3.5,850,56545.13,1
40,225066.59,2,0,1.3,717,73288.41,1
18,244456.6,1,1,1.4,562,121401.71,0
45,16200.6,2,1,5.3,654,125419.91,0
18,25290.52,2,1,6.3,760,102808.25,0
55,97793.99,1,1,4.9,630,78784.44,1
42,66663.97,1,1,3.8,770,72081.03,0
50,74648.89,2,1,2.6,645,59575.0,0
31,121002.61,1,1,4.2,677,70050.07,0
24,186395.19,3,1,2.9,622,50249.57,1
43,50199.0,2,1,4.8,663,165810.56,0
40,206466.33,1,0,1.2,667,205722.43,1
35,58821.53,2,1,6.8,521,37662.75,0
41,250000.0,1,0,3.6,615,102511.84,0
68,226093.53,1,1,5.9,551,101750.23,0
48,63549.73,3,0,7.2,617,98866.81,0
50,33302.17,2,1,5.8,586,68928.84,0
48,62434.7,2,1,7.0,731,142585.38,0
55,55997.2,2,1,0.0,732,108258.78,0
38,148079.02,2,0,3.8,695,143332.12,1
19,16632.31,1,0,7.8,549,64581.58,0
38,25586.57,1,0,6.3,642,48297.38,1
48,145322.56,1,0,9.6,542,109455.4,0
30,54136.6,1,1,9.3,638,58351.5,1
38,71237.15,1,0,5.7,702,144659.04,0
33,169119.15,2,1,4.4,729,34564.6,0
55,191752.0,1,1,2.6,688,72891.11,1
47,219234.5,2,0,3.8,751,68213.66,1
47,160019.18,2,0,4.0,671,77497.07,1
46,86738.68,4,1,3.5,631,101220.8,0
40,81609.69,1,1,2.7,720,107567.2,0
42,74833.56,3,1,6.0,723,120023.98,1
28,37746.19,2,1,9.2,608,126412.9,0
18,48577.22,1,1,7.3,680,83314.55,0
42,201310.65,1,0,4.2,626,232461.97,1
43,58496.64,1,1,7.5,489,168006.11,0
52,37952.4,2,1,5.9,685,78211.37,0
56,212042.69,2,1,4.9,546,84623.88,0
56,116029.67,2,0,4.7,676,77473.67,1
30,250000.0,2,1,4.5,527,105984.63,0
36,250000.0,1,1,6.6,592,58115.8,0
45,40842.44,1,0,5.3,615,63087.19,1
65,93296.49,3,0,3.2,746,33936.63,1
55,45671.55,3,1,3.1,607,75219.66,0
51,45344.23,2,0,5.8,564,145321.9,1
36,73236.2,1,1,6.1,679,84046.0,0
31,150937.77,1,0,4.2,633,86188.5,1
48,151527.3,1,1,2.2,713,102000.86,1
29,139379.54,1,0,8.1,569,57328.78,1
38,86546.45,1,0,7.6,667,91029.94,1
39,156887.52,3,0,0.0,848,134351.29,1
56,37469.27,2,0,8.3,631,103312.99,0
36,117305.09,1,1,4.5,665,139767.99,0
18,101676.19,1,0,5.5,517,158962.61,0
45,82832.91,1,1,7.8,582,121264.62,0
33,120412.59,1,1,9.1,687,65287.1,0
40,15079.56,2,1,7.5,624,77088.09,0
39,46410.85,1,0,5.6,699,214643.75,0
37,143042.71,2,0,1.6,684,103667.17,0
48,99833.14,1,0,0.0,545,97635.4,1
25,27881.49,1,1,7.2,731,61119.32,0
35,98230.55,4,0,8.4,551,86371.02,1
47,67174.0,1,0,3.0,589,124235.35,0
34,204553.63,1,0,4.3,668,90603.26,1
24,39852.22,2,1,3.6,775,71242.49,0
47,41074.03,1,1,3.5,570,79082.05,1
51,130983.97,1,0,7.7,662,153873.53,1
40,89058.37,1,0,5.5,662,121548.22,1
20,86005.41,1,1,4.4,703,114448.82,0
47,250000.0,2,1,10.0,745,109750.17,0
23,154372.42,1,1,1.4,618,52849.39,0
43,78249.01,2,1,6.4,731,101734.53,0
31,24691.16,2,0,2.4,756,145534.48,1
28,75018.85,1,1,4.6,793,80029.47,0
36,36441.29,1,1,5.4,690,139721.66,0
38,48871.29,1,0,7.1,663,115026.4,1
34,50213.41,1,1,4.3,612,130616.1,1
46,194185.79,1,1,4.1,533,92086.75,0
36,30068.74,2,1,4.3,628,134125.13,0
50,181772.49,1,1,2.3,659,46558.19,1
43,135032.62,2,0,6.6,641,91352.46,0
33,133693.53,2,0,5.7,698,124047.72,0
31,47275.02,2,0,6.1,534,102836.92,0
24,166304.74,1,1,4.8,635,147354.36,1
43,42825.45,1,0,4.5,810,83857.19,1
36,246923.68,3,1,7.9,730,70348.03,1
18,197143.31,1,0,7.6,699,43044.13,1
35,250000.0,2,1,8.5,681,79596.87,0
31,102050.59,2,1,5.9,621,113568.18,0
56,89012.72,2,1,8.4,510,126755.94,1
23,73503.19,1,0,4.0,687,47950.83,1
26,250000.0,1,0,4.5,454,152735.24,1
51,150041.51,2,1,8.0,624,58050.91,0
54,36800.44,2,0,7.1,650,85224.85,1
33,228977.3,2,0,4.3,614,69675.05,0
34,86569.35,2,1,2.4,824,108589.22,0
46,7490.99,3,1,4.5,796,93891.82,0
18,55839.25,3,0,3.3,733,122106.73,1
21,197057.99,2,0,9.3,576,206339.27,0
37,135342.45,1,0,6.9,804,107645.49,0
55,153753.1,1,0,3.1,700,69428.94,1
36,227540.28,2,0,2.4,575,110751.7,1
41,20771.67,2,1,3.1,653,215966.29,0
51,56380.74,1,0,3.6,727,120924.07,1
61,103677.04,2,1,4.6,602,137740.54,1
34,200862.62,1,0,7.8,661,43934.52,0
40,42621.88,1,0,2.6,675,107115.22,1
58,77900.67,2,0,10.0,562,79774.32,0
25,99059.88,1,1,2.6,628,66271.07,0
50,54180.23,2,1,1.5,568,89100.67,1
30,98260.13,2,1,9.2,719,94508.99,0
41,88696.2,2,1,8.3,577,67954.16,0
38,65917.62,1,1,4.5,673,97965.79,0
30,166025.48,2,1,6.0,539,83241.04,0
30,146757.2,1,0,6.0,559,123458.76,1
43,170919.93,2,1,5.3,555,99705.25,1
50,180884.87,1,1,1.8,627,106588.45,1
39,250000.0,4,1,0.0,664,139844.94,0
41,26894.5,2,0,2.9,679,115531.11,0
46,29810.99,1,1,9.5,508,89753.92,0
30,156813.31,1,0,9.6,637,35187.59,0
47,70675.2,1,1,4.3,590,113407.47,1
48,64009.41,2,1,2.6,693,59706.7,1
66,56722.13,2,1,5.7,629,86574.27,1
36,174855.23,2,1,6.1,644,106354.81,0
35,250000.0,3,0,6.5,590,163968.24,1
48,180261.25,1,1,0.0,788,206201.72,1
48,68262.82,2,1,10.0,547,59457.48,0
35,169060.11,1,1,7.8,618,49782.89,0
36,28962.49,2,1,4.5,659,104207.32,0
45,84221.9,1,1,3.2,630,100373.89,0
32,20800.6,2,1,7.5,589,52403.09,0
36,70776.14,1,0,6.2,505,89330.08,1
41,111778.38,1,1,5.2,595,117766.41,0
50,250000.0,1,1,6.1,573,51740.53,1
34,211360.75,3,0,4.7,784,57526.53,1
22,21231.18,2,1,6.0,831,67352.34,0
21,23325.83,1,0,6.8,646,81801.25,0
27,54478.2,1,0,5.9,538,122989.24,0
27,250000.0,1,0,5.7,709,77702.96,1
38,22227.24,3,0,8.5,572,92268.45,0
28,57071.51,3,0,1.0,606,247296.91,1
33,56829.02,2,1,3.0,600,58525.94,0
32,130819.94,2,0,5.1,610,67085.15,0
36,171917.57,1,1,3.2,622,122113.34,1
53,147732.43,1,1,4.0,545,140390.68,0
47,118487.84,2,0,8.2,594,108469.61,0
40,27855.8,2,0,4.6,732,203129.78,1
35,105868.5,1,0,0.4,647,103820.64,1
36,231726.55,2,1,3.9,660,36986.87,1
43,250000.0,1,0,5.1,471,94015.32,1
46,128422.4,1,1,5.1,726,69607.13,0
31,21438.75,1,0,6.4,595,167758.42,1
40,129931.09,2,0,6.2,740,138918.93,0
20,88493.0,2,1,4.7,662,44011.41,0
42,24929.77,2,0,2.0,605,165248.9,0
48,40507.77,2,1,3.9,516,137349.0,1
37,47256.39,2,1,3.4,824,77773.57,0
58,157178.11,1,0,4.3,714,86878.52,1
31,250000.0,2,0,6.7,719,168391.11,0
42,141336.61,1,1,6.0,796,37063.38,0
40,160546.96,2,1,7.1,668,109973.43,1
39,93113.9,1,1,4.0,758,147207.63,0
39,63225.22,1,1,8.8,612,86477.89,0
41,143981.22,2,1,6.7,709,120466.18,0
48,119585.92,1,1,5.3,600,94276.24,0
54,50973.65,1,1,6.5,610,63243.48,0
40,114056.51,2,0,3.3,658,62536.24,1
48,97599.2,2,1,0.0,549,123987.14,1
33,77440.73,1,1,3.5,676,67609.04,0
48,61483.59,1,0,6.9,625,45319.99,0
32,128340.72,1,1,5.2,491,95096.21,1
51,64697.46,2,0,4.7,613,71444.65,0
62,250000.0,3,1,2.9,622,52468.4,1
39,138113.35,1,1,0.1,718,92953.19,1
18,129830.66,2,0,8.6,673,127113.98,0
35,85943.64,2,1,4.5,766,90819.79,1
52,72371.4,4,1,3.9,692,55701.18,0
46,16638.36,1,0,3.3,606,111789.91,1
42,53814.27,2,1,8.1,645,143398.87,0
50,20958.4,2,0,7.2,622,243635.94,0
45,20668.04,1,1,2.6,689,172197.05,1
52,35329.99,1,1,7.9,655,57248.33,0
49,216179.66,1,0,4.6,600,132415.79,1
55,215497.83,1,1,3.5,651,101012.62,1
44,54854.14,2,1,4.3,687,53590.14,1
49,27224.13,2,0,3.0,569,102259.89,0
37,69878.13,1,1,1.7,675,213409.78,0
34,156108.67,2,0,6.9,524,154153.45,1
57,187945.18,1,1,4.4,738,57040.26,1
42,112905.17,3,1,6.5,692,90557.27,1
48,127226.26,1,0,5.7,780,112287.57,0
41,118771.68,2,0,6.4,561,41320.26,0
34,22510.52,3,1,0.0,741,41966.12,1
40,29836.18,2,0,2.8,725,96485.45,1
54,250000.0,2,1,6.4,635,97053.6,0
46,112528.88,1,1,1.8,620,39343.91,0
23,12492.0,2,0,5.9,563,107168.01,1
38,132566.14,2,1,1.5,542,146781.18,0
58,45368.3,1,1,5.0,590,81579.17,1
38,197983.96,4,0,9.0,550,92455.27,0
22,184250.81,1,1,6.9,778,116389.8,1
59,150312.03,1,0,0.4,530,109658.7,1
47,111617.54,3,0,7.1,662,42475.59,0
39,229884.68,1,1,9.6,685,59889.74,0
36,245186.45,1,1,10.0,679,75314.72,0
51,46379.93,1,0,6.2,686,61095.46,1
35,149201.74,2,0,1.6,726,174154.96,0
51,62034.17,2,1,6.1,614,119740.13,0
45,40801.87,1,1,9.0,657,54621.81,0
42,245048.71,2,1,4.5,627,81724.89,0
41,165641.97,2,0,7.6,754,149677.97,0
38,118220.24,2,0,2.9,818,67289.35,1
50,50250.59,2,0,5.9,554,132029.11,1
31,249726.81,3,1,0.0,488,167710.71,1
24,44806.19,1,0,2.6,696,155566.47,1
46,36472.25,1,1,5.0,736,97611.13,0
46,97812.29,2,1,4.1,807,158027.79,0
45,156088.61,1,1,1.7,709,71150.87,1
44,75298.2,1,1,3.8,762,250000.0,0
37,250000.0,1,1,5.8,783,100302.63,1
48,110340.08,1,1,4.8,767,150786.82,1
40,61827.66,3,1,5.2,720,76470.55,0
35,67506.32,1,0,6.8,547,112679.35,1
37,250000.0,2,1,4.1,649,114935.17,0
60,91187.83,2,1,8.4,674,59254.07,0
23,239518.65,1,1,2.5,642,58469.79,1
45,19905.05,1,1,9.8,647,82087.32,0
23,200637.28,1,1,7.8,775,147999.56,0
39,52334.9,2,0,4.1,589,39474.99,0
36,168342.75,1,1,4.3,714,76441.64,0
19,51971.92,2,1,5.5,675,162268.5,0
44,71342.74,1,0,6.5,581,51694.5,0
36,39745.38,1,1,7.7,564,158232.42,1
19,170521.1,1,0,1.6,514,54179.51,0
48,188754.56,1,1,6.1,689,59582.74,0
54,53759.78,1,0,0.0,645,84230.73,1
55,25480.79,3,1,4.6,584,209111.22,1
44,237296.6,1,1,8.6,500,67478.32,1
40,59169.83,2,0,1.5,685,41263.42,1
53,87677.28,2,1,1.0,636,47891.52,0
57,46030.42,2,0,5.6,593,136891.19,0
51,159600.11,2,1,8.5,573,48919.52,0
31,162315.13,1,1,5.8,631,153606.44,0
42,250000.0,2,0,0.2,688,92871.38,1
44,204525.86,1,0,0.8,624,88702.46,1
22,195310.52,2,1,5.2,555,102883.43,1
45,93787.3,1,1,2.1,645,62764.87,0
63,85417.91,2,0,5.3,734,95760.67,1
46,158095.35,2,0,5.5,653,52611.08,1
55,89936.08,2,0,3.8,655,165142.81,0
42,209153.21,1,0,9.5,624,56685.97,1
39,43570.05,2,1,6.5,579,109651.37,0
44,19485.17,2,0,8.0,576,56496.12,0
32,145681.95,2,1,7.3,517,70800.61,0
30,65266.31,1,1,4.6,744,76064.77,1
53,37990.13,1,0,4.5,687,250000.0,1
54,250000.0,1,1,4.3,657,89416.83,0
30,100314.9,2,1,6.7,674,62185.46,0
50,30560.17,1,0,3.4,677,73682.08,1
39,59211.82,2,1,9.3,591,45727.83,0
43,80046.41,2,1,3.1,624,83642.85,1
45,143614.13,2,1,5.5,612,207016.54,0
50,59459.84,2,0,4.4,850,104692.5,1
41,88666.53,2,1,3.9,732,135143.89,0
54,121126.23,2,1,10.0,663,59759.91,0
43,137405.7,1,1,3.9,759,82130.19,0
46,93548.13,2,1,4.2,749,98648.78,0
32,250000.0,3,0,3.3,540,64937.26,1
62,160754.78,1,1,5.1,632,107749.89,1
45,154755.36,3,0,4.7,649,118718.18,0
47,150917.81,4,1,2.2,699,114903.34,1
24,210218.44,2,1,3.9,632,84084.5,0
32,115454.08,2,1,6.5,642,147042.22,0
52,42950.59,2,0,7.6,613,80148.55,0
43,132884.59,1,0,5.1,734,76925.72,1
21,144752.07,1,1,5.1,535,172173.42,1
50,231975.11,1,1,4.1,616,54689.67,1
35,39264.1,2,1,3.7,503,41824.14,1
54,48060.61,1,1,2.7,568,60903.6,0
39,102706.51,2,1,1.1,675,107132.73,1
42,153867.02,2,0,3.2,677,160360.7,0
52,33068.26,2,1,7.3,625,66858.36,0
31,40220.04,1,0,3.9,740,203667.05,0
30,179253.89,1,0,4.1,758,91108.26,0
38,34331.26,1,1,4.1,644,85440.6,1
48,48629.3,1,1,8.1,670,61395.56,1
27,186906.03,1,0,2.7,614,216571.23,0
23,152336.3,1,1,5.7,700,84114.56,1
48,59962.35,1,1,4.8,554,49422.96,0
34,140536.53,2,0,5.2,794,250000.0,0
36,122453.91,1,1,5.6,741,107443.08,0
21,90858.79,1,0,5.1,554,128931.77,0
33,73851.01,3,1,7.0,587,191811.24,0
40,136734.6,2,1,4.9,684,118666.59,0
49,37127.51,3,1,9.4,623,139562.13,1
32,135651.94,2,1,5.1,694,92227.28,0
57,114550.99,1,1,0.7,621,125209.61,1
33,120464.1,3,1,6.6,772,88627.19,0
33,46839.89,2,1,6.0,651,89185.2,0
55,235781.09,2,1,5.1,844,94981.51,0
42,60129.94,2,1,4.4,698,75282.13,0
34,67937.03,1,1,0.0,542,112931.3,1
38,88207.0,2,1,0.1,817,112802.67,0
54,152095.15,2,1,9.1,738,130102.44,0
55,117921.6,2,1,3.5,680,120016.9,0
32,24568.35,1,1,7.4,702,221368.57,0
40,99266.16,1,1,1.0,555,144530.86,0
41,105367.38,1,1,2.4,506,81985.82,0
30,239515.43,1,0,6.7,647,110353.83,1
39,79042.4,1,0,4.7,760,169953.32,0
40,143211.66,3,1,6.3,682,58693.07,0
51,250000.0,1,0,5.0,787,222787.52,1
52,213255.57,1,1,4.5,756,63511.56,0
37,44669.85,1,1,3.3,652,134953.95,0
38,165997.42,2,1,2.0,745,90267.72,1
47,136047.69,2,1,8.5,772,87960.7,0
34,77061.34,2,1,8.9,644,50073.85,0
46,167296.33,3,1,2.4,633,135393.41,0
39,44097.19,4,0,2.2,661,50402.89,1
30,61120.88,2,1,4.1,457,47019.53,0
30,88906.59,2,1,5.9,672,151665.29,0
54,74346.21,1,1,4.5,708,201367.62,0
38,155327.32,2,1,6.2,662,66656.27,0
56,97288.61,1,1,4.9,678,141345.72,1
35,68694.34,2,1,4.7,647,128798.16,1
43,210949.0,1,1,10.0,490,86368.78,1
64,151381.58,1,1,3.7,783,164174.07,1
29,29405.27,1,1,9.1,621,83611.38,0
21,28868.75,2,0,8.6,601,113601.88,1
53,69075.7,2,0,6.3,759,51193.53,0
32,32887.59,1,1,0.2,728,52187.67,0
40,189261.9,2,1,5.1,672,152304.21,0
34,63466.41,1,0,3.7,712,115336.28,0
43,143089.03,2,0,5.1,558,84411.54,1
30,164445.23,1,1,2.3,644,212372.12,1
38,16834.54,1,1,6.9,754,211368.22,1
44,65783.18,2,0,7.5,596,109665.55,0
30,85914.36,2,1,7.9,570,46747.69,1
33,121612.9,2,0,4.0,656,85591.85,0
37,182281.58,2,1,2.4,658,61876.96,0
26,250000.0,3,1,5.9,702,93699.31,0
36,250000.0,1,0,9.4,540,59055.4,1
41,96443.49,1,0,5.2,446,52536.49,1
36,95607.81,3,1,6.1,724,32512.8,0
37,250000.0,1,0,4.4,563,97035.36,1
40,100329.67,2,0,3.7,601,31988.17,0
33,64616.6,1,1,6.6,475,77921.46,0
47,191317.59,2,0,4.7,732,123012.79,1
54,125763.88,1,1,6.0,678,65031.16,0
35,28445.42,2,1,6.3,675,55237.21,0
45,79570.83,2,0,5.9,674,87293.72,0
38,33834.96,1,1,6.4,485,61987.77,0
44,7470.0,1,0,2.9,571,97842.18,1
56,250000.0,1,1,2.7,614,56544.97,0
45,109793.33,1,1,4.9,590,85865.95,0
22,81833.28,1,1,5.0,628,77008.85,0
45,68661.26,3,1,3.7,670,89534.58,1
52,101711.1,1,0,5.6,731,187847.02,1
38,67985.17,1,1,7.3,532,98467.3,0
50,45364.82,1,1,8.0,649,112934.67,1
33,71150.92,1,1,8.5,707,67941.89,0
25,245730.56,1,1,1.7,576,99511.68,0
41,188455.71,2,0,2.1,635,79531.1,1
22,71222.5,2,0,4.3,687,91209.12,1
38,250000.0,2,1,5.2,651,120522.35,1
53,95605.42,1,1,4.4,704,71858.9,0
21,54253.61,2,0,3.6,658,75240.47,0
27,129666.99,3,1,4.2,625,72307.15,0
30,250000.0,2,1,6.2,556,71681.72,0
39,238252.65,3,1,1.7,670,97296.74,1
36,56468.53,1,1,10.0,658,76402.68,0
54,37876.03,4,1,5.1,571,176600.48,1
50,76314.32,2,1,7.6,697,250000.0,1
45,144881.65,2,0,3.5,751,69702.46,0
41,172131.54,2,1,6.4,597,102730.7,0
44,216718.88,4,0,5.3,592,143582.97,0
31,114102.98,1,1,7.1,589,79855.81,0
49,116759.5,2,1,4.5,516,57531.56,0
29,111152.15,2,0,8.9,810,196760.58,1
48,198659.58,2,1,1.3,614,122557.52,0
52,174155.87,2,1,7.4,581,103878.34,1
42,54831.49,1,1,5.3,560,172870.84,0
38,160206.52,1,0,2.5,619,127283.21,1
44,190334.8,1,1,9.9,594,88079.42,0
18,200369.96,2,0,9.6,765,57993.2,0
43,125862.33,2,1,0.0,550,72082.43,0
39,121141.41,2,1,5.4,527,154776.19,0
39,98646.33,2,1,6.8,694,122333.17,0
47,106189.91,2,1,6.1,641,82748.81,0
39,250000.0,1,0,8.8,632,199290.41,0
29,108749.75,2,1,8.3,695,83852.57,0
39,58440.99,3,0,5.7,661,140357.5,0
41,127715.3,2,1,10.0,646,99367.71,0
41,169884.48,3,1,7.3,538,214785.22,1
42,194970.79,4,1,4.1,517,126302.54,0
50,44925.81,1,0,3.6,594,91889.01,1
29,250000.0,2,1,8.1,563,83042.21,1
42,165669.84,2,1,3.0,672,89379.56,0
53,247321.86,1,0,4.0,506,64934.62,1
23,31726.22,1,0,4.4,614,48656.88,1
42,205368.84,1,1,5.9,636,103414.03,0
34,43104.45,1,0,4.5,647,70790.61,0
36,83144.41,2,1,1.7,682,70706.03,0
31,169274.0,1,1,7.9,624,86472.94,1
38,39562.36,1,1,4.0,597,92140.1,0
58,67575.23,2,0,10.0,750,90299.22,1
27,31192.13,1,1,5.8,624,196771.39,0
28,166307.3,2,0,8.2,764,121253.14,1
27,54089.85,1,0,6.6,624,232369.01,1
57,103855.78,1,1,8.3,649,73866.84,1
35,136222.17,4,1,6.4,639,128058.09,0
40,126712.02,2,0,5.6,668,75737.55,0
36,118866.54,2,1,7.7,616,69916.41,0
31,118705.51,2,1,10.0,658,236347.66,0
38,33130.55,1,1,4.3,772,63697.35,0
65,86580.74,2,0,7.0,734,32967.74,0
54,117966.33,1,1,5.0,734,65446.47,1
31,109170.34,2,1,6.3,543,36454.47,0
46,94076.87,1,1,5.1,556,58657.39,0
32,60144.36,2,1,0.0,667,61154.9,1
22,124815.69,1,0,4.5,712,91440.32,1
50,141093.54,1,1,7.5,608,35783.65,0
52,74652.23,1,0,3.1,594,154159.56,1
50,195854.69,2,0,7.3,762,38695.12,1
35,250000.0,1,1,5.5,705,84972.0,1
38,105330.75,2,0,4.5,735,77784.33,0
47,55816.2,1,0,7.3,615,130479.66,1
44,39138.49,2,0,6.7,608,105425.46,0
36,82251.08,1,0,6.1,726,153531.0,0
24,99887.49,3,1,7.5,629,76489.67,0
41,37347.19,1,0,5.5,601,73015.64,1
51,80388.11,1,1,0.9,577,108371.55,0
28,189230.24,1,0,4.1,609,143015.14,1
46,14065.41,1,1,0.5,720,130463.14,1
43,110060.81,1,1,6.6,529,104024.46,0
48,67258.14,1,0,7.2,700,99933.78,1
49,102117.88,3,1,7.4,593,88542.23,0
33,250000.0,2,1,6.2,633,108232.13,0
24,98721.74,1,0,7.4,638,224871.73,1
35,88715.94,1,0,1.1,632,80692.99,1
49,159293.78,1,0,4.7,627,76385.21,1
35,125992.54,1,0,1.5,614,73798.21,1
33,110392.28,1,0,4.1,604,107235.51,1
22,129121.62,1,0,9.0,756,34640.53,0
58,223160.41,1,1,7.7,652,84692.91,1
48,181340.16,3,1,6.7,640,133767.17,0
48,84308.52,2,0,4.5,598,71023.15,1
50,250000.0,3,0,2.5,617,97888.27,1
46,70446.54,1,1,5.5,599,232528.0,0
38,110071.36,2,1,7.8,711,104483.55,0
38,119008.5,1,1,6.0,590,32856.77,0
36,81379.21,1,0,1.0,470,47720.53,1
66,242226.6,2,0,5.3,655,80387.46,0
46,78394.13,1,1,0.2,628,62682.86,1
35,93236.27,1,1,7.0,603,94285.94,0
45,198746.94,2,1,3.3,723,78826.6,0
30,72449.68,2,0,1.9,431,152100.56,0
55,35999.53,2,1,7.0,776,55075.81,0
33,112282.48,1,1,6.4,734,81976.69,0
45,45802.69,1,1,5.6,600,99243.46,1
51,41629.28,4,0,10.0,614,104932.8,1
44,14431.19,1,1,6.6,690,96146.4,0
41,16664.3,1,1,3.4,692,30408.94,1
40,18047.11,1,1,6.3,599,93437.35,0
39,250000.0,3,0,4.3,521,84096.94,1
34,17972.37,2,1,8.2,819,132775.41,1
36,44840.11,1,1,5.7,726,124604.7,0
55,94373.92,3,1,5.9,663,100302.41,0
39,154641.61,1,1,1.4,664,103620.33,0
32,165281.47,3,0,5.2,700,165402.53,0
35,55844.31,1,0,4.9,709,151024.63,1
51,108665.2,1,1,2.4,483,101871.18,1
47,92398.62,1,0,4.4,622,236334.44,1
46,104359.66,4,1,6.1,614,67837.92,0
37,114301.84,3,0,5.0,637,52792.03,0
46,135911.47,2,1,1.5,712,89562.13,1
34,66296.21,1,1,4.3,507,76065.53,0
37,217066.55,1,0,3.8,542,29678.0,1
50,78839.8,1,0,5.5,595,67103.64,1
49,250000.0,1,0,5.2,662,105048.59,1
30,69442.76,1,0,4.0,717,87680.29,1
31,110019.54,2,0,3.9,781,63459.51,0
41,93001.23,2,0,5.2,627,91730.61,1
57,107022.08,3,1,7.4,716,95125.04,0
21,202154.2,1,1,5.7,707,124162.74,0
43,89197.58,1,0,8.6,693,67432.99,1
26,40143.73,2,1,7.8,648,133359.06,0
34,65377.0,1,0,8.7,618,55092.87,1
36,89342.66,2,1,8.4,565,71757.33,0
36,116877.7,2,1,8.9,559,193321.89,0
35,56055.53,1,1,2.1,678,56773.22,0
40,61044.4,1,0,6.6,646,66911.07,1
35,119825.09,3,1,8.0,617,51208.71,0
25,122684.53,2,0,8.5,703,62025.14,1
48,184041.07,2,1,3.1,634,95781.84,0
48,64748.98,2,1,6.6,577,123686.94,0
48,144944.17,2,0,5.2,629,89248.31,1
25,93126.79,1,1,9.6,716,77765.6,0
43,72048.36,2,0,1.5,568,51447.48,0
47,95325.53,3,1,3.1,667,64883.99,0
30,104942.84,1,1,0.5,646,44884.55,0
40,36472.25,1,1,5.4,589,125369.01,0
39,39034.69,2,0,10.0,627,129352.68,0
58,158211.24,2,1,4.9,524,88376.69,0
59,77413.53,1,1,5.3,659,109778.27,0
23,117461.68,2,0,6.4,541,133501.72,0
65,155144.85,2,0,4.7,736,94193.73,0
31,95731.28,2,0,5.9,643,168499.79,0
50,146708.79,1,0,6.0,604,56775.39,1
50,105411.19,1,1,2.9,743,76930.93,1
30,108868.59,1,1,4.8,567,72917.28,0
45,212772.53,3,0,6.9,590,120429.78,1
39,88492.12,2,0,7.3,504,47202.46,1
46,159403.13,1,0,8.2,755,172672.76,1
42,30855.69,3,0,5.8,800,115886.14,1
52,114587.8,1,0,5.9,516,197836.75,1
41,247443.19,2,1,6.9,585,88371.77,0
38,250000.0,1,1,3.5,656,70257.42,0
51,32330.12,2,0,3.4,609,120965.75,1
46,77126.89,2,1,4.7,647,143102.9,0
47,46669.17,2,1,1.8,641,65256.15,1
33,91034.64,1,1,6.0,683,36630.87,1
30,176507.0,1,0,7.6,573,39566.79,1
34,217643.97,1,0,3.2,665,101233.82,1
34,222133.79,3,0,6.1,561,179988.85,1
48,29686.83,1,1,3.4,617,50120.61,0
50,103360.43,2,1,2.5,511,79618.37,0
38,63740.82,2,1,10.0,618,76938.57,0
54,87274.62,1,0,2.5,604,213588.04,1
54,70795.7,1,1,1.8,725,248693.88,0
42,31121.92,1,0,5.5,645,108941.75,1
32,218997.76,2,1,5.7,660,134815.86,0
56,56502.38,4,0,6.7,648,133139.74,1
39,64671.09,1,1,10.0,480,50585.5,0
41,248381.36,4,0,3.1,490,123241.4,1
37,26212.06,1,0,3.6,625,56882.44,0
31,134604.54,1,1,9.0,672,83314.16,0
25,192577.42,3,1,7.3,631,150308.72,0
46,236042.16,3,1,7.0,581,93338.22,0
32,128505.75,1,1,3.5,631,147810.8,0
71,161319.04,2,0,7.8,624,161495.65,0
29,192510.97,3,1,7.0,712,40820.71,0
27,92057.31,2,0,5.5,708,33779.22,1
45,50268.35,2,1,3.5,606,151828.45,0
55,250000.0,1,0,5.3,646,154608.02,1
41,150132.43,1,1,9.1,672,101015.83,0
46,103276.37,2,1,2.3,684,107372.8,0
22,32630.83,2,1,3.0,782,134515.73,0
33,11222.37,1,0,3.4,648,133392.2,1
29,132850.36,1,1,4.0,743,78486.52,1
21,10365.07,1,0,5.0,557,138371.52,1
41,102490.83,2,1,7.4,599,77007.03,0
18,58607.67,1,0,6.2,479,100424.65,1
27,70662.23,1,0,5.2,662,98476.68,1
35,223665.4,1,1,5.7,702,61133.63,0
32,59050.35,3,0,6.6,446,64422.66,1
44,106128.27,2,1,0.8,665,245957.48,0
43,59303.08,1,0,7.7,698,60247.5,0
49,124631.39,1,1,2.9,694,106302.77,0
48,112878.91,1,0,3.9,554,116829.93,1
51,102540.26,2,1,5.9,712,87830.81,0
40,192968.35,2,1,4.8,651,121751.26,0
43,26273.88,2,0,6.2,697,104360.59,1
45,19899.57,2,1,5.4,640,60836.9,0
41,38170.51,1,1,4.3,680,114591.94,0
36,113275.23,1,1,8.8,739,70435.1,0
37,139259.6,1,0,6.8,634,196981.69,1
32,3995.95,1,1,5.8,673,109171.06,0
44,138038.35,1,1,6.7,750,65676.46,0
39,78565.34,2,0,3.2,639,104987.36,0
33,250000.0,1,0,10.0,560,59360.27,1
33,131328.98,2,1,2.3,704,101069.69,0
28,245282.9,1,1,5.3,765,81308.1,0
50,216588.85,1,1,4.3,753,62036.17,0
41,78596.59,2,0,4.2,707,61686.25,1
31,177006.4,1,1,3.9,462,250000.0,1
48,78469.59,1,1,3.1,599,93778.55,0
34,250000.0,1,1,8.0,603,74108.26,0
26,84119.9,2,1,2.0,654,68552.25,1
50,143744.53,1,1,7.5,785,111256.06,1
35,250000.0,3,0,6.6,564,67524.23,1
36,147997.57,4,1,4.0,829,54994.41,1
40,72484.26,2,1,6.3,619,88696.74,0
51,34349.63,1,0,4.6,589,88395.72,1
40,26504.13,2,1,2.2,718,74600.26,1
28,137571.44,1,1,2.3,724,60263.59,1
45,95303.78,3,1,6.6,702,75480.36,0
35,38784.09,2,0,6.5,588,72855.12,0
59,164711.93,1,1,5.6,690,68446.05,0
40,163215.85,1,0,4.0,567,101924.74,1
18,94081.21,2,1,4.5,586,245086.76,0
44,250000.0,3,1,4.2,642,163875.01,0
59,21888.4,2,1,0.6,584,215653.6,0
56,74611.43,2,1,5.2,734,69710.33,0
58,147464.27,2,1,6.3,604,191219.0,1
30,42826.3,2,0,5.2,632,99691.84,1
49,175517.48,2,1,9.4,580,140284.6,0
33,209829.73,1,1,2.5,733,110584.11,0
42,6962.46,2,0,3.3,597,77118.21,1
27,250000.0,2,1,5.3,741,124410.13,0
34,141531.81,1,1,5.6,735,111947.32,0
33,68035.75,1,1,0.2,614,40614.52,1
49,28765.14,1,1,6.5,652,85110.79,0
48,191029.92,1,0,5.6,612,133271.92,1
43,37007.19,2,0,0.0,694,101967.02,0
26,141355.69,1,1,4.7,634,111171.23,1
37,38393.55,2,0,3.0,617,64178.54,1
33,100840.19,1,1,3.9,654,100998.38,1
49,185522.79,3,0,1.7,523,86181.5,1
52,68744.5,2,0,6.0,644,82126.09,0
51,250000.0,2,1,9.4,702,66296.98,1
32,149768.69,2,1,5.7,661,135842.72,0
18,42948.82,1,0,0.0,726,105137.66,1
22,30979.67,2,1,5.7,620,100469.7,0
54,53595.51,2,1,4.5,613,226481.39,0
36,97388.59,1,0,2.2,561,111387.97,1
32,250000.0,4,1,5.9,618,154475.14,0
56,250000.0,1,1,7.2,807,101761.26,1
53,66703.26,2,1,3.3,672,76775.53,1
40,65066.91,1,0,0.9,603,55879.52,1
37,166835.99,2,1,0.0,570,100327.04,0
39,165928.54,1,1,3.3,522,27146.26,1
42,230636.85,1,1,4.6,584,101739.93,0
56,234610.41,1,1,3.7,711,103724.56,0
44,50528.38,4,0,3.3,616,81606.12,0
47,25370.05,1,1,6.4,573,86335.84,0
52,151257.03,2,0,6.2,582,51253.47,0
28,117579.2,2,1,5.5,702,167893.74,1
48,13866.58,2,0,7.0,643,77327.28,1
37,24767.22,1,1,3.4,600,58111.75,0
18,146339.3,2,0,2.3,625,114997.13,1
19,91178.43,3,1,3.7,826,94599.29,0
30,148612.58,1,0,3.5,748,76597.08,1
45,40420.14,1,1,0.0,767,73039.08,0
41,155972.16,3,1,3.6,510,89771.92,1
42,127947.39,1,1,7.8,638,164914.45,1
60,163769.42,1,1,7.0,598,111175.0,1
27,70496.29,1,1,6.3,694,88617.2,0
40,59042.44,2,0,5.3,735,132079.62,0
43,28720.6,3,0,8.6,676,91121.98,1
33,79889.95,2,1,2.3,580,107824.85,0
40,204014.65,2,0,2.6,597,96333.6,1
24,241371.23,1,1,7.8,700,117355.86,1
54,37302.81,1,1,5.1,708,73695.72,1
33,97334.69,1,0,3.3,661,53898.65,0
60,250000.0,1,1,6.4,660,135353.7,0
40,250000.0,1,1,3.9,654,177155.42,0
50,77418.88,2,1,2.9,672,55062.18,1
39,215884.12,1,1,2.8,707,97562.28,0
40,192359.86,1,1,5.8,700,73539.16,1
34,182086.64,1,1,5.5,652,133931.72,0
41,21328.87,1,1,8.8,646,100564.59,1
43,63559.24,1,0,4.3,643,250000.0,1
32,89719.18,1,0,4.2,588,78583.72,1
39,87804.77,1,1,8.6,587,179754.35,1
34,96565.87,2,1,7.5,694,187802.98,0
63,250000.0,2,1,5.4,593,114426.02,0
39,79470.82,2,1,1.1,715,91514.48,1
55,132118.6,2,1,3.0,646,93924.06,0
38,128872.92,2,0,2.4,716,90414.25,1
43,97457.11,3,0,5.1,701,149873.94,0
27,39483.78,2,1,3.7,717,60771.65,0
36,107181.77,2,0,9.0,612,83710.71,0
42,13560.72,1,0,1.1,683,79267.32,1
56,141370.21,1,0,2.1,709,41389.29,1
42,10966.23,1,1,5.6,526,132465.39,0
54,132748.27,1,0,6.3,786,145201.64,1
46,60881.37,2,0,0.0,831,67654.33,0
56,44503.58,1,1,0.7,726,143075.04,1
39,168572.52,2,0,4.3,714,44131.05,0
64,72526.28,3,0,8.4,697,90975.41,0
35,103209.6,2,1,9.7,624,85029.08,0
32,22114.21,1,1,4.0,641,93624.92,0
28,250000.0,1,1,4.6,727,93405.95,1
63,110624.33,1,0,2.9,572,86933.28,1
48,110427.58,4,1,6.6,565,75589.08,1
37,143494.71,2,1,8.8,618,85703.36,0
